Date,Account,Service,Cost (USD)
2025-01-21,154080667894,AWS Backup,0.0043705109
2025-01-21,154080667894,AWS CloudTrail,0
2025-01-21,154080667894,AWS Cost Explorer,0.0498
2025-01-21,154080667894,AWS Key Management Service,0.0550125072
2025-01-21,154080667894,AWS Secrets Manager,0.0214193544
2025-01-21,154080667894,Amazon DynamoDB,0
2025-01-21,154080667894,EC2 - Other,574.3304407888
2025-01-21,154080667894,Amazon Elastic Compute Cloud - Compute,4.3613453584
2025-01-21,154080667894,Amazon Elastic Container Service for Kubernetes,1.992
2025-01-21,154080667894,Amazon Elastic File System,2.4557150362
2025-01-21,154080667894,Amazon Elastic Load Balancing,23.2411007185
2025-01-21,154080667894,Amazon Simple Storage Service,92.677996102
2025-01-21,154080667894,Amazon Virtual Private Cloud,8.3674966924
2025-01-21,154080667894,AmazonCloudWatch,0.0803225784
2025-01-21,211125702613,AWS Backup,0.052477288
2025-01-21,211125702613,AWS Key Management Service,0.1627965216
2025-01-21,211125702613,AWS Secrets Manager,0.0428387112
2025-01-21,211125702613,Amazon DynamoDB,0
2025-01-21,211125702613,EC2 - Other,122.1754372987
2025-01-21,211125702613,Amazon Elastic Compute Cloud - Compute,265.6953879574
2025-01-21,211125702613,Amazon Elastic Container Service for Kubernetes,7.968
2025-01-21,211125702613,Amazon Elastic File System,1.404614773
2025-01-21,211125702613,Amazon Elastic Load Balancing,12.4516118676
2025-01-21,211125702613,Amazon Simple Storage Service,0.4564154559
2025-01-21,211125702613,Amazon Virtual Private Cloud,5.6772
2025-01-21,211125702613,AmazonCloudWatch,0.0000532317
2025-01-21,226032384342,AWS Backup,0.0891385752
2025-01-21,226032384342,AWS CloudTrail,0
2025-01-21,226032384342,AWS Key Management Service,0.0535483872
2025-01-21,226032384342,AWS Lambda,0.0000569969
2025-01-21,226032384342,AWS Secrets Manager,0.0963870984
2025-01-21,226032384342,Amazon DynamoDB,0.0000000945
2025-01-21,226032384342,Amazon EC2 Container Registry (ECR),0.0166694875
2025-01-21,226032384342,EC2 - Other,3.1697951832
2025-01-21,226032384342,Amazon Elastic Compute Cloud - Compute,0.0427169547
2025-01-21,226032384342,Amazon Elastic Container Registry Public,0
2025-01-21,226032384342,Amazon Elastic Container Service for Kubernetes,3.984
2025-01-21,226032384342,Amazon Elastic File System,0.0382884576
2025-01-21,226032384342,Amazon Elastic Load Balancing,1.5898130814
2025-01-21,226032384342,Amazon Relational Database Service,0.8687079928
2025-01-21,226032384342,Amazon Simple Storage Service,0.1014564283
2025-01-21,226032384342,Amazon Virtual Private Cloud,0.8964
2025-01-21,226032384342,AmazonCloudWatch,0.6385424315
2025-01-21,230864768389,AWS Backup,0.0021394572
2025-01-21,230864768389,AWS CloudTrail,0
2025-01-21,230864768389,AWS Cost Explorer,0.0498
2025-01-21,230864768389,AWS Key Management Service,0.0550125072
2025-01-21,230864768389,AWS Secrets Manager,0.0214193544
2025-01-21,230864768389,Amazon DynamoDB,0
2025-01-21,230864768389,EC2 - Other,716.9472927475
2025-01-21,230864768389,Amazon Elastic Compute Cloud - Compute,676.1358385998
2025-01-21,230864768389,Amazon Elastic Container Service for Kubernetes,3.984
2025-01-21,230864768389,Amazon Elastic File System,3.8397545646
2025-01-21,230864768389,Amazon Elastic Load Balancing,33.5981493688
2025-01-21,230864768389,Amazon Simple Storage Service,103.2581289902
2025-01-21,230864768389,Amazon Virtual Private Cloud,13.7452210349
2025-01-21,230864768389,AmazonCloudWatch,0.0026774184
2025-01-21,430832610640,AWS Backup,0.1017510661
2025-01-21,430832610640,AWS CloudTrail,0
2025-01-21,430832610640,AWS Global Accelerator,1.9924051004
2025-01-21,430832610640,AWS Key Management Service,0.0267741936
2025-01-21,430832610640,Amazon DynamoDB,0
2025-01-21,430832610640,EC2 - Other,7.5584333297
2025-01-21,430832610640,Amazon Elastic Compute Cloud - Compute,0.0000022751
2025-01-21,430832610640,Amazon Elastic Container Service for Kubernetes,1.992
2025-01-21,430832610640,Amazon Elastic File System,0.038433384
2025-01-21,430832610640,Amazon Elastic Load Balancing,4.8526255822
2025-01-21,430832610640,Amazon Simple Storage Service,0.0001375181
2025-01-21,430832610640,Amazon Virtual Private Cloud,14.7408
2025-01-21,430832610640,AmazonCloudWatch,0.0000701467
2025-01-21,611713488645,AWS Backup,0.0720145883
2025-01-21,611713488645,AWS CloudTrail,0
2025-01-21,611713488645,AWS Glue,0
2025-01-21,611713488645,AWS Key Management Service,0.1070967744
2025-01-21,611713488645,AWS Lambda,0.0000211063
2025-01-21,611713488645,AWS Secrets Manager,0.1066505402
2025-01-21,611713488645,AWS WAF,0.1338709656
2025-01-21,611713488645,Amazon Bedrock,0.01890242
2025-01-21,611713488645,Amazon CloudFront,0
2025-01-21,611713488645,Amazon DynamoDB,0
2025-01-21,611713488645,Amazon EC2 Container Registry (ECR),0.0129723624
2025-01-21,611713488645,EC2 - Other,99.5370337483
2025-01-21,611713488645,Amazon Elastic Compute Cloud - Compute,225.2781381989
2025-01-21,611713488645,Amazon Elastic Container Registry Public,0
2025-01-21,611713488645,Amazon Elastic Container Service for Kubernetes,25.2561115754
2025-01-21,611713488645,Amazon Elastic File System,21.6428157872
2025-01-21,611713488645,Amazon Elastic Load Balancing,44.0958713997
2025-01-21,611713488645,Amazon Route 53,0.000614532
2025-01-21,611713488645,Amazon SageMaker,0.996
2025-01-21,611713488645,Amazon Simple Storage Service,26.5229154479
2025-01-21,611713488645,Amazon Virtual Private Cloud,23.5721890431
2025-01-21,611713488645,AmazonCloudWatch,0.1641129375
2025-01-21,611713488645,CloudWatch Events,0
2025-01-21,611713488645,Tax,0
2025-01-21,630754316413,AWS CloudTrail,0
2025-01-21,630754316413,EC2 - Other,4.6810810829
2025-01-21,630754316413,Amazon Elastic Compute Cloud - Compute,0.000000281
2025-01-21,630754316413,Amazon Elastic Load Balancing,0.9532566264
2025-01-21,630754316413,Amazon Relational Database Service,1.1562241327
2025-01-21,630754316413,Amazon Simple Storage Service,0.0918822348
2025-01-21,630754316413,Amazon Virtual Private Cloud,0.3984
2025-01-21,630754316413,AmazonCloudWatch,0.0129761718
2025-01-21,635213132527,AWS CloudTrail,0
2025-01-21,635213132527,Amazon EC2 Container Registry (ECR),0.0009869016
2025-01-21,635213132527,EC2 - Other,12.1952332611
2025-01-21,635213132527,Amazon Elastic Compute Cloud - Compute,8.4161604612
2025-01-21,635213132527,Amazon Elastic File System,0.5722532616
2025-01-21,635213132527,Amazon Elastic Load Balancing,4.2391009796
2025-01-21,635213132527,Amazon Simple Storage Service,1.1656813767
2025-01-21,635213132527,Amazon Virtual Private Cloud,1.992
2025-01-21,635213132527,AmazonCloudWatch,0.0040201782
2025-01-21,668042396284,AWS Backup,9.8627483524
2025-01-21,668042396284,AWS Cost Explorer,0.2822
2025-01-21,668042396284,AWS Key Management Service,0.0550125072
2025-01-21,668042396284,AWS Secrets Manager,0.0214193544
2025-01-21,668042396284,Amazon DevOps Guru,0
2025-01-21,668042396284,Amazon DynamoDB,0
2025-01-21,668042396284,EC2 - Other,2392.9350844058
2025-01-21,668042396284,Amazon Elastic Compute Cloud - Compute,95.5068134004
2025-01-21,668042396284,Amazon Elastic Container Service for Kubernetes,1.992
2025-01-21,668042396284,Amazon Elastic File System,70.6605919278
2025-01-21,668042396284,Amazon Elastic Load Balancing,104.768905811
2025-01-21,668042396284,Amazon Polly,0.00447536
2025-01-21,668042396284,Amazon Relational Database Service,14.8801337196
2025-01-21,668042396284,Amazon Simple Storage Service,109.7821044097
2025-01-21,668042396284,Amazon Virtual Private Cloud,11.454841664
2025-01-21,668042396284,AmazonCloudWatch,301.0682627112
2025-01-21,678990834671,EC2 - Other,0.0196244182
2025-01-21,678990834671,Amazon Elastic Compute Cloud - Compute,0.0001715951
2025-01-21,678990834671,Amazon Simple Storage Service,0.0000862973
2025-01-21,678990834671,Amazon Virtual Private Cloud,1.494
2025-01-21,678990834671,AmazonCloudWatch,0.0000000011
2025-01-21,692457086123,Amazon Simple Storage Service,0.0000939434
2025-01-21,840214516040,AWS Secrets Manager,0.00000415
2025-01-21,840214516040,AWS Step Functions,0.0000000449
2025-01-21,840214516040,Amazon Simple Storage Service,0.0001658506
2025-01-21,888346146368,Amazon Simple Storage Service,0.0009927602
2025-01-21,888346146368,"Contact Center Telecommunications (service sold by AMCS, LLC)",0
2025-01-21,915403479018,AWS CloudTrail,0
2025-01-21,915403479018,AWS Cost Explorer,1.8011091032
2025-01-21,915403479018,AWS Glue,0.0258276744
2025-01-21,915403479018,AWS Key Management Service,0.0267741936
2025-01-21,915403479018,Amazon Athena,0.369516
2025-01-21,915403479018,EC2 - Other,0.0593666756
2025-01-21,915403479018,Amazon QuickSight,2.1498761808
2025-01-21,915403479018,Amazon Simple Notification Service,0.0000002119
2025-01-21,915403479018,Amazon Simple Storage Service,0.4161581554
2025-01-21,915403479018,AmazonCloudWatch,0.0000034085
2025-01-21,915403479018,Savings Plans for AWS Compute usage,996
2025-01-21,929999988963,AWS Backup,0.0055582076
2025-01-21,929999988963,AWS CloudTrail,0
2025-01-21,929999988963,AWS Cost Explorer,0.0498
2025-01-21,929999988963,AWS Key Management Service,0.0817867008
2025-01-21,929999988963,AWS Secrets Manager,0.0214193544
2025-01-21,929999988963,Amazon DynamoDB,0
2025-01-21,929999988963,EC2 - Other,715.0443048924
2025-01-21,929999988963,Amazon Elastic Compute Cloud - Compute,305.7385631429
2025-01-21,929999988963,Amazon Elastic Container Service for Kubernetes,1.992
2025-01-21,929999988963,Amazon Elastic File System,4.8948966509
2025-01-21,929999988963,Amazon Elastic Load Balancing,26.1506441577
2025-01-21,929999988963,Amazon Polly,0.79780928
2025-01-21,929999988963,Amazon Simple Storage Service,45.1697999568
2025-01-21,929999988963,Amazon Virtual Private Cloud,7.0390983289
2025-01-21,929999988963,AmazonCloudWatch,0.0642580656
2025-01-21,942272457509,AWS Backup,4.2755732611
2025-01-21,942272457509,AWS Cost Explorer,0.0498
2025-01-21,942272457509,AWS Glue,0
2025-01-21,942272457509,AWS Key Management Service,0.0550797372
2025-01-21,942272457509,AWS Secrets Manager,0.0214359544
2025-01-21,942272457509,Amazon DynamoDB,0
2025-01-21,942272457509,EC2 - Other,201.7440316605
2025-01-21,942272457509,Amazon Elastic Compute Cloud - Compute,461.3400163277
2025-01-21,942272457509,Amazon Elastic Container Service for Kubernetes,1.992
2025-01-21,942272457509,Amazon Elastic File System,27.5313216063
2025-01-21,942272457509,Amazon Elastic Load Balancing,11.6826523444
2025-01-21,942272457509,Amazon Location Service,0.0000083
2025-01-21,942272457509,Amazon Simple Notification Service,0
2025-01-21,942272457509,Amazon Simple Queue Service,0.000000332
2025-01-21,942272457509,Amazon Simple Storage Service,0.6286102212
2025-01-21,942272457509,Amazon Virtual Private Cloud,5.780004945
2025-01-21,985455604191,Amazon Simple Queue Service,0.120724496
2025-01-21,985455604191,Amazon Simple Storage Service,0.0001013374
2025-01-21,989586476485,AWS Backup,0.1571454593
2025-01-21,989586476485,AWS CloudFormation,0
2025-01-21,989586476485,AWS CloudTrail,6.66293622
2025-01-21,989586476485,AWS Glue,0
2025-01-21,989586476485,AWS Key Management Service,0.0426155736
2025-01-21,989586476485,AWS Lambda,0.8708419408
2025-01-21,989586476485,AWS Secrets Manager,0.646502394
2025-01-21,989586476485,AWS Step Functions,6.9748082169
2025-01-21,989586476485,AWS Systems Manager,70.744884
2025-01-21,989586476485,AWS WAF,0.1874193528
2025-01-21,989586476485,Amazon API Gateway,42.8722033266
2025-01-21,989586476485,Amazon CloudFront,0.0134940398
2025-01-21,989586476485,Amazon DynamoDB,0.2354794523
2025-01-21,989586476485,Amazon EC2 Container Registry (ECR),7.0258576144
2025-01-21,989586476485,EC2 - Other,129.6827359285
2025-01-21,989586476485,Amazon Elastic Compute Cloud - Compute,473.5338510095
2025-01-21,989586476485,Amazon Elastic Container Registry Public,0
2025-01-21,989586476485,Amazon Elastic Container Service,2.0867034824
2025-01-21,989586476485,Amazon Elastic Container Service for Kubernetes,23.904
2025-01-21,989586476485,Amazon Elastic Load Balancing,32.4590776319
2025-01-21,989586476485,Amazon Relational Database Service,4.8197027975
2025-01-21,989586476485,Amazon Route 53,0.021467784
2025-01-21,989586476485,Amazon Simple Email Service,0.0310942486
2025-01-21,989586476485,Amazon Simple Notification Service,0.0000037455
2025-01-21,989586476485,Amazon Simple Queue Service,0.0766158696
2025-01-21,989586476485,Amazon Simple Storage Service,106.0551492797
2025-01-21,989586476485,Amazon Virtual Private Cloud,15.2116763104
2025-01-21,989586476485,AmazonCloudWatch,7.3020453654
2025-01-21,989586476485,CloudWatch Events,0.1852329346
2025-01-22,154080667894,AWS Backup,0.0043815574
2025-01-22,154080667894,AWS CloudTrail,0
2025-01-22,154080667894,AWS Cost Explorer,0.0498
2025-01-22,154080667894,AWS Key Management Service,0.0550125072
2025-01-22,154080667894,AWS Secrets Manager,0.0214193544
2025-01-22,154080667894,Amazon DynamoDB,0
2025-01-22,154080667894,EC2 - Other,578.4545119351
2025-01-22,154080667894,Amazon Elastic Compute Cloud - Compute,11.677169861
2025-01-22,154080667894,Amazon Elastic Container Service for Kubernetes,1.992
2025-01-22,154080667894,Amazon Elastic File System,2.4659722179
2025-01-22,154080667894,Amazon Elastic Load Balancing,23.4108436762
2025-01-22,154080667894,Amazon Simple Storage Service,111.1025810181
2025-01-22,154080667894,Amazon Virtual Private Cloud,8.3884169671
2025-01-22,154080667894,AmazonCloudWatch,0.0803225784
2025-01-22,211125702613,AWS Backup,0.052477288
2025-01-22,211125702613,AWS Key Management Service,0.1627965216
2025-01-22,211125702613,AWS Secrets Manager,0.0428387112
2025-01-22,211125702613,Amazon DynamoDB,0
2025-01-22,211125702613,EC2 - Other,118.466520476
2025-01-22,211125702613,Amazon Elastic Compute Cloud - Compute,229.2568564826
2025-01-22,211125702613,Amazon Elastic Container Service for Kubernetes,7.968
2025-01-22,211125702613,Amazon Elastic File System,1.4043392789
2025-01-22,211125702613,Amazon Elastic Load Balancing,12.4705198628
2025-01-22,211125702613,Amazon Simple Storage Service,0.4227247752
2025-01-22,211125702613,Amazon Virtual Private Cloud,5.6772
2025-01-22,211125702613,AmazonCloudWatch,0.0000532317
2025-01-22,226032384342,AWS Backup,0.0891385752
2025-01-22,226032384342,AWS CloudTrail,0
2025-01-22,226032384342,AWS Key Management Service,0.0535483872
2025-01-22,226032384342,AWS Secrets Manager,0.0963870984
2025-01-22,226032384342,Amazon DynamoDB,0.000000094
2025-01-22,226032384342,Amazon EC2 Container Registry (ECR),0.0167039424
2025-01-22,226032384342,EC2 - Other,3.1701523571
2025-01-22,226032384342,Amazon Elastic Compute Cloud - Compute,0.0557856956
2025-01-22,226032384342,Amazon Elastic Container Registry Public,0
2025-01-22,226032384342,Amazon Elastic Container Service for Kubernetes,3.984
2025-01-22,226032384342,Amazon Elastic File System,0.0382884576
2025-01-22,226032384342,Amazon Elastic Load Balancing,1.5896736901
2025-01-22,226032384342,Amazon Relational Database Service,0.8687079928
2025-01-22,226032384342,Amazon Simple Storage Service,0.141437365
2025-01-22,226032384342,Amazon Virtual Private Cloud,0.9017719466
2025-01-22,226032384342,AmazonCloudWatch,0.638508584
2025-01-22,230864768389,AWS Backup,0.0021394572
2025-01-22,230864768389,AWS CloudTrail,0
2025-01-22,230864768389,AWS Cost Explorer,0.0498
2025-01-22,230864768389,AWS Key Management Service,0.0550125072
2025-01-22,230864768389,AWS Secrets Manager,0.0214193544
2025-01-22,230864768389,Amazon DynamoDB,0
2025-01-22,230864768389,EC2 - Other,723.2278790986
2025-01-22,230864768389,Amazon Elastic Compute Cloud - Compute,681.7851385649
2025-01-22,230864768389,Amazon Elastic Container Service for Kubernetes,3.984
2025-01-22,230864768389,Amazon Elastic File System,3.8401482931
2025-01-22,230864768389,Amazon Elastic Load Balancing,33.8127994682
2025-01-22,230864768389,Amazon Simple Storage Service,104.1838505959
2025-01-22,230864768389,Amazon Virtual Private Cloud,13.7452005192
2025-01-22,230864768389,AmazonCloudWatch,0.0026774184
2025-01-22,430832610640,AWS Backup,0.1017510661
2025-01-22,430832610640,AWS CloudTrail,0
2025-01-22,430832610640,AWS Global Accelerator,1.9925536387
2025-01-22,430832610640,AWS Key Management Service,0.0267741936
2025-01-22,430832610640,Amazon DynamoDB,0
2025-01-22,430832610640,EC2 - Other,7.5584336907
2025-01-22,430832610640,Amazon Elastic Compute Cloud - Compute,0.000003049
2025-01-22,430832610640,Amazon Elastic Container Service for Kubernetes,1.992
2025-01-22,430832610640,Amazon Elastic File System,0.038433384
2025-01-22,430832610640,Amazon Elastic Load Balancing,4.8526225451
2025-01-22,430832610640,Amazon Simple Storage Service,0.0001122359
2025-01-22,430832610640,Amazon Virtual Private Cloud,14.7408
2025-01-22,430832610640,AmazonCloudWatch,0.0000701467
2025-01-22,611713488645,AWS Backup,0.0720145883
2025-01-22,611713488645,AWS CloudTrail,0
2025-01-22,611713488645,AWS Glue,0
2025-01-22,611713488645,AWS Key Management Service,0.1070967744
2025-01-22,611713488645,AWS Lambda,0.0000167715
2025-01-22,611713488645,AWS Secrets Manager,0.1070967768
2025-01-22,611713488645,AWS WAF,0.1338709656
2025-01-22,611713488645,Amazon Bedrock,0.114901303
2025-01-22,611713488645,Amazon CloudFront,0
2025-01-22,611713488645,Amazon DynamoDB,0
2025-01-22,611713488645,Amazon EC2 Container Registry (ECR),0.0129723624
2025-01-22,611713488645,EC2 - Other,91.3306570804
2025-01-22,611713488645,Amazon Elastic Compute Cloud - Compute,212.7450036056
2025-01-22,611713488645,Amazon Elastic Container Registry Public,0
2025-01-22,611713488645,Amazon Elastic Container Service for Kubernetes,25.2585292078
2025-01-22,611713488645,Amazon Elastic File System,21.6428157143
2025-01-22,611713488645,Amazon Elastic Load Balancing,44.3456215423
2025-01-22,611713488645,Amazon Route 53,0.001051444
2025-01-22,611713488645,Amazon SageMaker,0.996
2025-01-22,611713488645,Amazon Simple Storage Service,27.8500389796
2025-01-22,611713488645,Amazon Virtual Private Cloud,22.2039582586
2025-01-22,611713488645,AmazonCloudWatch,0.1641055896
2025-01-22,611713488645,CloudWatch Events,0
2025-01-22,630754316413,AWS CloudTrail,0
2025-01-22,630754316413,EC2 - Other,4.6810810854
2025-01-22,630754316413,Amazon Elastic Compute Cloud - Compute,0.0000002834
2025-01-22,630754316413,Amazon Elastic Load Balancing,0.9523131236
2025-01-22,630754316413,Amazon Relational Database Service,1.1562241324
2025-01-22,630754316413,Amazon Simple Storage Service,0.0921593155
2025-01-22,630754316413,Amazon Virtual Private Cloud,0.3984
2025-01-22,630754316413,AmazonCloudWatch,0.0129765461
2025-01-22,635213132527,AWS CloudTrail,0
2025-01-22,635213132527,Amazon EC2 Container Registry (ECR),0.0009869016
2025-01-22,635213132527,EC2 - Other,12.1951819361
2025-01-22,635213132527,Amazon Elastic Compute Cloud - Compute,8.4135551106
2025-01-22,635213132527,Amazon Elastic File System,0.5722532616
2025-01-22,635213132527,Amazon Elastic Load Balancing,4.2390961922
2025-01-22,635213132527,Amazon Simple Storage Service,1.1802220783
2025-01-22,635213132527,Amazon Virtual Private Cloud,2.0045468316
2025-01-22,635213132527,AmazonCloudWatch,0.0040201782
2025-01-22,668042396284,AWS Backup,10.0426845129
2025-01-22,668042396284,AWS Cost Explorer,0.2822
2025-01-22,668042396284,AWS Key Management Service,0.0550125072
2025-01-22,668042396284,AWS Secrets Manager,0.0214193544
2025-01-22,668042396284,Amazon DevOps Guru,0
2025-01-22,668042396284,Amazon DynamoDB,0
2025-01-22,668042396284,EC2 - Other,2373.3344388634
2025-01-22,668042396284,Amazon Elastic Compute Cloud - Compute,95.8060115717
2025-01-22,668042396284,Amazon Elastic Container Service for Kubernetes,1.992
2025-01-22,668042396284,Amazon Elastic File System,72.0940512738
2025-01-22,668042396284,Amazon Elastic Load Balancing,106.7023759913
2025-01-22,668042396284,Amazon Polly,0.04387712
2025-01-22,668042396284,Amazon Relational Database Service,14.8801342788
2025-01-22,668042396284,Amazon Simple Storage Service,121.4045961784
2025-01-22,668042396284,Amazon Virtual Private Cloud,11.4696720918
2025-01-22,668042396284,AmazonCloudWatch,290.2742524181
2025-01-22,678990834671,EC2 - Other,0.0196406154
2025-01-22,678990834671,Amazon Elastic Compute Cloud - Compute,0.0001376653
2025-01-22,678990834671,Amazon Simple Storage Service,0.0000824734
2025-01-22,678990834671,Amazon Virtual Private Cloud,1.494
2025-01-22,678990834671,AmazonCloudWatch,0.0000000011
2025-01-22,692457086123,Amazon Simple Storage Service,0.0000978072
2025-01-22,840214516040,Amazon Simple Storage Service,0.0001693394
2025-01-22,888346146368,AWS Key Management Service,0.00002988
2025-01-22,888346146368,Amazon Chime Voice Connector a service sold by AMCS LLC,0.0122016443
2025-01-22,888346146368,Amazon Simple Storage Service,0.0009027651
2025-01-22,888346146368,"Contact Center Telecommunications (service sold by AMCS, LLC)",0
2025-01-22,915403479018,AWS CloudTrail,0
2025-01-22,915403479018,AWS Cost Explorer,1.9576508516
2025-01-22,915403479018,AWS Glue,0.0170223372
2025-01-22,915403479018,AWS Key Management Service,0.0267741936
2025-01-22,915403479018,Amazon Athena,0.3701219
2025-01-22,915403479018,EC2 - Other,0.0593666756
2025-01-22,915403479018,Amazon QuickSight,2.1498761808
2025-01-22,915403479018,Amazon Simple Notification Service,0.0000002119
2025-01-22,915403479018,Amazon Simple Storage Service,0.4205225844
2025-01-22,915403479018,AmazonCloudWatch,0.0000034103
2025-01-22,915403479018,Savings Plans for AWS Compute usage,996
2025-01-22,929999988963,AWS Backup,0.0055582076
2025-01-22,929999988963,AWS CloudTrail,0
2025-01-22,929999988963,AWS Cost Explorer,0.0498
2025-01-22,929999988963,AWS Key Management Service,0.0784399266
2025-01-22,929999988963,AWS Secrets Manager,0.0214193544
2025-01-22,929999988963,Amazon DynamoDB,0
2025-01-22,929999988963,EC2 - Other,745.6278652354
2025-01-22,929999988963,Amazon Elastic Compute Cloud - Compute,356.4067435514
2025-01-22,929999988963,Amazon Elastic Container Service for Kubernetes,1.992
2025-01-22,929999988963,Amazon Elastic File System,4.9102460437
2025-01-22,929999988963,Amazon Elastic Load Balancing,26.5581957315
2025-01-22,929999988963,Amazon Polly,0.8438776
2025-01-22,929999988963,Amazon Simple Storage Service,46.4324050782
2025-01-22,929999988963,Amazon Virtual Private Cloud,7.1183379165
2025-01-22,929999988963,AmazonCloudWatch,0.0642580656
2025-01-22,942272457509,AWS Backup,4.4762653118
2025-01-22,942272457509,AWS Cost Explorer,0.0498
2025-01-22,942272457509,AWS Key Management Service,0.0550149972
2025-01-22,942272457509,AWS Secrets Manager,0.0214193544
2025-01-22,942272457509,Amazon DynamoDB,0
2025-01-22,942272457509,EC2 - Other,206.2200417683
2025-01-22,942272457509,Amazon Elastic Compute Cloud - Compute,469.2882762416
2025-01-22,942272457509,Amazon Elastic Container Service for Kubernetes,1.992
2025-01-22,942272457509,Amazon Elastic File System,28.8556228555
2025-01-22,942272457509,Amazon Elastic Load Balancing,12.0044875407
2025-01-22,942272457509,Amazon Simple Storage Service,0.6240249482
2025-01-22,942272457509,Amazon Virtual Private Cloud,5.7804739554
2025-01-22,985455604191,Amazon Simple Queue Service,0.124975424
2025-01-22,985455604191,Amazon Simple Storage Service,0.0000881778
2025-01-22,989586476485,AWS Backup,0.1574982693
2025-01-22,989586476485,AWS CloudTrail,7.0925243
2025-01-22,989586476485,AWS Glue,0
2025-01-22,989586476485,AWS Key Management Service,0.0394009836
2025-01-22,989586476485,AWS Lambda,0.9039717159
2025-01-22,989586476485,AWS Secrets Manager,0.645410944
2025-01-22,989586476485,AWS Step Functions,7.5361721849
2025-01-22,989586476485,AWS Systems Manager,70.7968005
2025-01-22,989586476485,AWS WAF,0.1874193528
2025-01-22,989586476485,Amazon API Gateway,42.918516512
2025-01-22,989586476485,Amazon CloudFront,0.013262528
2025-01-22,989586476485,Amazon DynamoDB,0.2417406977
2025-01-22,989586476485,Amazon EC2 Container Registry (ECR),7.1453123691
2025-01-22,989586476485,EC2 - Other,98.9330034754
2025-01-22,989586476485,Amazon Elastic Compute Cloud - Compute,476.8716064907
2025-01-22,989586476485,Amazon Elastic Container Registry Public,0
2025-01-22,989586476485,Amazon Elastic Container Service,1.3693415643
2025-01-22,989586476485,Amazon Elastic Container Service for Kubernetes,23.904
2025-01-22,989586476485,Amazon Elastic Load Balancing,32.6219157187
2025-01-22,989586476485,Amazon Relational Database Service,4.8245834254
2025-01-22,989586476485,Amazon Route 53,0.020968788
2025-01-22,989586476485,Amazon Simple Email Service,0.0156305566
2025-01-22,989586476485,Amazon Simple Notification Service,0.0000010308
2025-01-22,989586476485,Amazon Simple Queue Service,0.071293597
2025-01-22,989586476485,Amazon Simple Storage Service,102.0847393972
2025-01-22,989586476485,Amazon Virtual Private Cloud,15.3676955415
2025-01-22,989586476485,AmazonCloudWatch,7.3921630856
2025-01-22,989586476485,CloudWatch Events,0.2002216891
2025-01-23,154080667894,AWS Backup,0.0043989691
2025-01-23,154080667894,AWS CloudTrail,0
2025-01-23,154080667894,AWS Cost Explorer,0.0498
2025-01-23,154080667894,AWS Key Management Service,0.0550125072
2025-01-23,154080667894,AWS Secrets Manager,0.0214193544
2025-01-23,154080667894,Amazon DynamoDB,0
2025-01-23,154080667894,EC2 - Other,578.2458327198
2025-01-23,154080667894,Amazon Elastic Compute Cloud - Compute,17.8107642508
2025-01-23,154080667894,Amazon Elastic Container Service for Kubernetes,1.992
2025-01-23,154080667894,Amazon Elastic File System,2.4668949531
2025-01-23,154080667894,Amazon Elastic Load Balancing,23.1634601656
2025-01-23,154080667894,Amazon Simple Storage Service,144.2268383131
2025-01-23,154080667894,Amazon Virtual Private Cloud,8.3675285595
2025-01-23,154080667894,AmazonCloudWatch,0.0803225784
2025-01-23,211125702613,AWS Backup,0.052477288
2025-01-23,211125702613,AWS Key Management Service,0.1627965216
2025-01-23,211125702613,AWS Secrets Manager,0.0428387112
2025-01-23,211125702613,Amazon DynamoDB,0
2025-01-23,211125702613,EC2 - Other,118.7285773219
2025-01-23,211125702613,Amazon Elastic Compute Cloud - Compute,229.3020846218
2025-01-23,211125702613,Amazon Elastic Container Service for Kubernetes,7.968
2025-01-23,211125702613,Amazon Elastic File System,1.4032776498
2025-01-23,211125702613,Amazon Elastic Load Balancing,12.4515386895
2025-01-23,211125702613,Amazon Simple Storage Service,0.4305290035
2025-01-23,211125702613,Amazon Virtual Private Cloud,5.6789233995
2025-01-23,211125702613,AmazonCloudWatch,0.0000532317
2025-01-23,226032384342,AWS Backup,0.0891385752
2025-01-23,226032384342,AWS CloudTrail,0
2025-01-23,226032384342,AWS Key Management Service,0.0535483872
2025-01-23,226032384342,AWS Lambda,0.0000236378
2025-01-23,226032384342,AWS Secrets Manager,0.0963870984
2025-01-23,226032384342,Amazon DynamoDB,0.0000000943
2025-01-23,226032384342,Amazon EC2 Container Registry (ECR),0.0167039424
2025-01-23,226032384342,EC2 - Other,3.1704628105
2025-01-23,226032384342,Amazon Elastic Compute Cloud - Compute,0.0543885474
2025-01-23,226032384342,Amazon Elastic Container Registry Public,0
2025-01-23,226032384342,Amazon Elastic Container Service for Kubernetes,3.984
2025-01-23,226032384342,Amazon Elastic File System,0.0382884576
2025-01-23,226032384342,Amazon Elastic Load Balancing,1.5896814454
2025-01-23,226032384342,Amazon Relational Database Service,0.8687079927
2025-01-23,226032384342,Amazon Simple Storage Service,0.1017603162
2025-01-23,226032384342,Amazon Virtual Private Cloud,0.8964
2025-01-23,226032384342,AmazonCloudWatch,0.638569771
2025-01-23,230864768389,AWS Backup,0.0021394571
2025-01-23,230864768389,AWS CloudTrail,0
2025-01-23,230864768389,AWS Cost Explorer,0.0498
2025-01-23,230864768389,AWS Key Management Service,0.0550125072
2025-01-23,230864768389,AWS Secrets Manager,0.0214193544
2025-01-23,230864768389,Amazon DynamoDB,0
2025-01-23,230864768389,EC2 - Other,697.6777111213
2025-01-23,230864768389,Amazon Elastic Compute Cloud - Compute,689.5677449925
2025-01-23,230864768389,Amazon Elastic Container Service for Kubernetes,3.984
2025-01-23,230864768389,Amazon Elastic File System,3.8508471624
2025-01-23,230864768389,Amazon Elastic Load Balancing,32.8485335323
2025-01-23,230864768389,Amazon Simple Storage Service,105.3055286875
2025-01-23,230864768389,Amazon Virtual Private Cloud,13.7449850791
2025-01-23,230864768389,AmazonCloudWatch,0.0026774184
2025-01-23,430832610640,AWS Backup,0.101751066
2025-01-23,430832610640,AWS CloudTrail,0
2025-01-23,430832610640,AWS Global Accelerator,1.992545926
2025-01-23,430832610640,AWS Key Management Service,0.0267741936
2025-01-23,430832610640,Amazon DynamoDB,0
2025-01-23,430832610640,EC2 - Other,7.5584334062
2025-01-23,430832610640,Amazon Elastic Compute Cloud - Compute,0.0000024231
2025-01-23,430832610640,Amazon Elastic Container Service for Kubernetes,1.992
2025-01-23,430832610640,Amazon Elastic File System,0.038433384
2025-01-23,430832610640,Amazon Elastic Load Balancing,4.8526332437
2025-01-23,430832610640,Amazon Simple Storage Service,0.0001127585
2025-01-23,430832610640,Amazon Virtual Private Cloud,14.7408
2025-01-23,430832610640,AmazonCloudWatch,0.0000701467
2025-01-23,611713488645,AWS Backup,0.0720145883
2025-01-23,611713488645,AWS CloudTrail,0
2025-01-23,611713488645,AWS Glue,0
2025-01-23,611713488645,AWS Key Management Service,0.1070967744
2025-01-23,611713488645,AWS Lambda,0.0000073195
2025-01-23,611713488645,AWS Secrets Manager,0.1070967768
2025-01-23,611713488645,AWS WAF,0.1338709656
2025-01-23,611713488645,Amazon Bedrock,0.1004504678
2025-01-23,611713488645,Amazon CloudFront,0
2025-01-23,611713488645,Amazon DynamoDB,0
2025-01-23,611713488645,Amazon EC2 Container Registry (ECR),0.0129723624
2025-01-23,611713488645,EC2 - Other,83.7011786407
2025-01-23,611713488645,Amazon Elastic Compute Cloud - Compute,207.4295793962
2025-01-23,611713488645,Amazon Elastic Container Registry Public,0
2025-01-23,611713488645,Amazon Elastic Container Service for Kubernetes,25.215331037
2025-01-23,611713488645,Amazon Elastic File System,21.6428156928
2025-01-23,611713488645,Amazon Elastic Load Balancing,43.966469784
2025-01-23,611713488645,Amazon Route 53,0.001050116
2025-01-23,611713488645,Amazon SageMaker,0.996
2025-01-23,611713488645,Amazon Simple Storage Service,27.8649098391
2025-01-23,611713488645,Amazon Virtual Private Cloud,21.5643049235
2025-01-23,611713488645,AmazonCloudWatch,0.1641084478
2025-01-23,611713488645,CloudWatch Events,0
2025-01-23,611713488645,Tax,0
2025-01-23,630754316413,AWS CloudTrail,0
2025-01-23,630754316413,EC2 - Other,4.6810811067
2025-01-23,630754316413,Amazon Elastic Compute Cloud - Compute,0.0000003103
2025-01-23,630754316413,Amazon Elastic Load Balancing,0.9522994421
2025-01-23,630754316413,Amazon Relational Database Service,1.1562241375
2025-01-23,630754316413,Amazon Simple Storage Service,0.0918726658
2025-01-23,630754316413,Amazon Virtual Private Cloud,0.3984
2025-01-23,630754316413,AmazonCloudWatch,0.012978108
2025-01-23,635213132527,AWS CloudTrail,0
2025-01-23,635213132527,Amazon EC2 Container Registry (ECR),0.0009869016
2025-01-23,635213132527,EC2 - Other,12.1950229683
2025-01-23,635213132527,Amazon Elastic Compute Cloud - Compute,8.4132958771
2025-01-23,635213132527,Amazon Elastic File System,0.5722532616
2025-01-23,635213132527,Amazon Elastic Load Balancing,4.2390989662
2025-01-23,635213132527,Amazon Simple Storage Service,1.1752646799
2025-01-23,635213132527,Amazon Virtual Private Cloud,1.9937971782
2025-01-23,635213132527,AmazonCloudWatch,0.0040201782
2025-01-23,668042396284,AWS Backup,10.2685725804
2025-01-23,668042396284,AWS Cost Explorer,0.2739
2025-01-23,668042396284,AWS Key Management Service,0.0550174872
2025-01-23,668042396284,AWS Secrets Manager,0.0214193544
2025-01-23,668042396284,AWS Step Functions,0.0000000277
2025-01-23,668042396284,Amazon DevOps Guru,0
2025-01-23,668042396284,Amazon DynamoDB,0
2025-01-23,668042396284,EC2 - Other,2475.5281436205
2025-01-23,668042396284,Amazon Elastic Compute Cloud - Compute,103.1209588647
2025-01-23,668042396284,Amazon Elastic Container Service for Kubernetes,1.992
2025-01-23,668042396284,Amazon Elastic File System,73.1980836686
2025-01-23,668042396284,Amazon Elastic Load Balancing,107.1578404155
2025-01-23,668042396284,Amazon Polly,0.02424928
2025-01-23,668042396284,Amazon Relational Database Service,14.880134419
2025-01-23,668042396284,Amazon Simple Storage Service,122.3870827426
2025-01-23,668042396284,Amazon Virtual Private Cloud,11.4530931284
2025-01-23,668042396284,AmazonCloudWatch,303.1230608592
2025-01-23,678990834671,EC2 - Other,0.0195684671
2025-01-23,678990834671,Amazon Elastic Compute Cloud - Compute,0.0000700274
2025-01-23,678990834671,Amazon Simple Storage Service,0.0000769823
2025-01-23,678990834671,Amazon Virtual Private Cloud,1.494
2025-01-23,678990834671,AmazonCloudWatch,0.0000000011
2025-01-23,692457086123,Amazon Simple Storage Service,0.0000849422
2025-01-23,840214516040,AWS Secrets Manager,0.0000083
2025-01-23,840214516040,AWS Step Functions,0.0000000561
2025-01-23,840214516040,Amazon Simple Storage Service,0.000169998
2025-01-23,888346146368,Amazon Chime Voice Connector a service sold by AMCS LLC,0.0286134736
2025-01-23,888346146368,Amazon Simple Storage Service,0.0007953981
2025-01-23,888346146368,AmazonCloudWatch,0.0000045886
2025-01-23,888346146368,"Contact Center Telecommunications (service sold by AMCS, LLC)",0
2025-01-23,915403479018,AWS CloudTrail,0
2025-01-23,915403479018,AWS Cost Explorer,1.7959572129
2025-01-23,915403479018,AWS Glue,0.0183005372
2025-01-23,915403479018,AWS Key Management Service,0.0267741936
2025-01-23,915403479018,Amazon Athena,0.37116355
2025-01-23,915403479018,EC2 - Other,0.0593666756
2025-01-23,915403479018,Amazon QuickSight,2.1498761808
2025-01-23,915403479018,Amazon Simple Notification Service,0.0000002045
2025-01-23,915403479018,Amazon Simple Storage Service,0.4140815633
2025-01-23,915403479018,AmazonCloudWatch,0.0000034117
2025-01-23,915403479018,Savings Plans for AWS Compute usage,996
2025-01-23,929999988963,AWS Backup,0.0055576623
2025-01-23,929999988963,AWS CloudTrail,0
2025-01-23,929999988963,AWS Cost Explorer,0.0498
2025-01-23,929999988963,AWS Key Management Service,0.0818041308
2025-01-23,929999988963,AWS Secrets Manager,0.0214193544
2025-01-23,929999988963,Amazon DynamoDB,0
2025-01-23,929999988963,EC2 - Other,773.4666446109
2025-01-23,929999988963,Amazon Elastic Compute Cloud - Compute,362.1030442342
2025-01-23,929999988963,Amazon Elastic Container Service for Kubernetes,1.992
2025-01-23,929999988963,Amazon Elastic File System,4.9055533326
2025-01-23,929999988963,Amazon Elastic Load Balancing,27.53749144
2025-01-23,929999988963,Amazon Polly,0.84837952
2025-01-23,929999988963,Amazon Simple Storage Service,47.3352364222
2025-01-23,929999988963,Amazon Virtual Private Cloud,7.0716009479
2025-01-23,929999988963,AmazonCloudWatch,0.0642580656
2025-01-23,942272457509,AWS Backup,4.6766511796
2025-01-23,942272457509,AWS Cost Explorer,0.0498
2025-01-23,942272457509,AWS Glue,0
2025-01-23,942272457509,AWS Key Management Service,0.0550498572
2025-01-23,942272457509,AWS Secrets Manager,0.0214276544
2025-01-23,942272457509,Amazon DynamoDB,0
2025-01-23,942272457509,EC2 - Other,219.341324762
2025-01-23,942272457509,Amazon Elastic Compute Cloud - Compute,472.3035413574
2025-01-23,942272457509,Amazon Elastic Container Service for Kubernetes,1.992
2025-01-23,942272457509,Amazon Elastic File System,30.1764029236
2025-01-23,942272457509,Amazon Elastic Load Balancing,12.2406662902
2025-01-23,942272457509,Amazon Location Service,0.000041085
2025-01-23,942272457509,Amazon Simple Notification Service,0
2025-01-23,942272457509,Amazon Simple Queue Service,0.000000664
2025-01-23,942272457509,Amazon Simple Storage Service,0.6259612241
2025-01-23,942272457509,Amazon Virtual Private Cloud,5.7770991448
2025-01-23,985455604191,Amazon Simple Queue Service,0.121977464
2025-01-23,985455604191,Amazon Simple Storage Service,0.0000930144
2025-01-23,989586476485,AWS Backup,0.1578834387
2025-01-23,989586476485,AWS CloudTrail,7.04378089
2025-01-23,989586476485,AWS Glue,0
2025-01-23,989586476485,AWS Key Management Service,0.0403222836
2025-01-23,989586476485,AWS Lambda,0.894377604
2025-01-23,989586476485,AWS Secrets Manager,0.648270294
2025-01-23,989586476485,AWS Step Functions,7.5206995614
2025-01-23,989586476485,AWS Systems Manager,70.8775595
2025-01-23,989586476485,AWS WAF,0.1874193528
2025-01-23,989586476485,Amazon API Gateway,42.9521069014
2025-01-23,989586476485,Amazon CloudFront,0.0133194272
2025-01-23,989586476485,Amazon DynamoDB,0.2407730275
2025-01-23,989586476485,Amazon EC2 Container Registry (ECR),7.0913317186
2025-01-23,989586476485,EC2 - Other,99.215955251
2025-01-23,989586476485,Amazon Elastic Compute Cloud - Compute,488.1901330192
2025-01-23,989586476485,Amazon Elastic Container Registry Public,0
2025-01-23,989586476485,Amazon Elastic Container Service,1.2948285062
2025-01-23,989586476485,Amazon Elastic Container Service for Kubernetes,23.904
2025-01-23,989586476485,Amazon Elastic Load Balancing,32.7533609716
2025-01-23,989586476485,Amazon Relational Database Service,4.8268360347
2025-01-23,989586476485,Amazon Route 53,0.02177588
2025-01-23,989586476485,Amazon Simple Email Service,0.0062357988
2025-01-23,989586476485,Amazon Simple Queue Service,0.0708207128
2025-01-23,989586476485,Amazon Simple Storage Service,106.8499910782
2025-01-23,989586476485,Amazon Virtual Private Cloud,15.3416012701
2025-01-23,989586476485,AmazonCloudWatch,7.3272360172
2025-01-23,989586476485,CloudWatch Events,0.2002635147
2025-01-24,154080667894,AWS Backup,0.0044007062
2025-01-24,154080667894,AWS CloudTrail,0
2025-01-24,154080667894,AWS Cost Explorer,0.0498
2025-01-24,154080667894,AWS Key Management Service,0.0550125072
2025-01-24,154080667894,AWS Secrets Manager,0.0214193544
2025-01-24,154080667894,Amazon DynamoDB,0
2025-01-24,154080667894,EC2 - Other,575.0133562673
2025-01-24,154080667894,Amazon Elastic Compute Cloud - Compute,4.1867667324
2025-01-24,154080667894,Amazon Elastic Container Service for Kubernetes,1.992
2025-01-24,154080667894,Amazon Elastic File System,2.4664977945
2025-01-24,154080667894,Amazon Elastic Load Balancing,22.4999464656
2025-01-24,154080667894,Amazon Simple Storage Service,144.3226313883
2025-01-24,154080667894,Amazon Virtual Private Cloud,8.3676287296
2025-01-24,154080667894,AmazonCloudWatch,0.0803225784
2025-01-24,211125702613,AWS Backup,0.052477288
2025-01-24,211125702613,AWS Key Management Service,0.1627965216
2025-01-24,211125702613,AWS Secrets Manager,0.0428387112
2025-01-24,211125702613,Amazon DynamoDB,0
2025-01-24,211125702613,EC2 - Other,118.8346847325
2025-01-24,211125702613,Amazon Elastic Compute Cloud - Compute,229.2584810362
2025-01-24,211125702613,Amazon Elastic Container Service for Kubernetes,7.968
2025-01-24,211125702613,Amazon Elastic File System,1.4038148156
2025-01-24,211125702613,Amazon Elastic Load Balancing,12.4251909897
2025-01-24,211125702613,Amazon Simple Storage Service,0.4324755042
2025-01-24,211125702613,Amazon Virtual Private Cloud,5.6772
2025-01-24,211125702613,AmazonCloudWatch,0.0000532317
2025-01-24,226032384342,AWS Backup,0.0891385752
2025-01-24,226032384342,AWS CloudTrail,0
2025-01-24,226032384342,AWS Key Management Service,0.0535483872
2025-01-24,226032384342,AWS Lambda,0.0000001729
2025-01-24,226032384342,AWS Secrets Manager,0.0963870984
2025-01-24,226032384342,Amazon DynamoDB,0.0000000946
2025-01-24,226032384342,Amazon EC2 Container Registry (ECR),0.0167384772
2025-01-24,226032384342,EC2 - Other,3.1892826071
2025-01-24,226032384342,Amazon Elastic Compute Cloud - Compute,0.0473758671
2025-01-24,226032384342,Amazon Elastic Container Registry Public,0
2025-01-24,226032384342,Amazon Elastic Container Service for Kubernetes,3.984
2025-01-24,226032384342,Amazon Elastic File System,0.0382884576
2025-01-24,226032384342,Amazon Elastic Load Balancing,1.5896724969
2025-01-24,226032384342,Amazon Relational Database Service,0.8687079259
2025-01-24,226032384342,Amazon Simple Storage Service,0.101745588
2025-01-24,226032384342,Amazon Virtual Private Cloud,0.9538682744
2025-01-24,226032384342,AmazonCloudWatch,0.6385143639
2025-01-24,226032384342,CloudWatch Events,0.00000498
2025-01-24,226032384342,Tax,0
2025-01-24,230864768389,AWS Backup,0.0021394571
2025-01-24,230864768389,AWS CloudTrail,0
2025-01-24,230864768389,AWS Cost Explorer,0.0498
2025-01-24,230864768389,AWS Key Management Service,0.0550125072
2025-01-24,230864768389,AWS Secrets Manager,0.0214193544
2025-01-24,230864768389,Amazon DynamoDB,0
2025-01-24,230864768389,EC2 - Other,683.9972217779
2025-01-24,230864768389,Amazon Elastic Compute Cloud - Compute,665.6698497016
2025-01-24,230864768389,Amazon Elastic Container Service for Kubernetes,3.984
2025-01-24,230864768389,Amazon Elastic File System,3.8818831449
2025-01-24,230864768389,Amazon Elastic Load Balancing,32.6330500984
2025-01-24,230864768389,Amazon Simple Storage Service,105.7921331238
2025-01-24,230864768389,Amazon Virtual Private Cloud,13.7450166006
2025-01-24,230864768389,AmazonCloudWatch,0.0026774184
2025-01-24,430832610640,AWS Backup,0.101751066
2025-01-24,430832610640,AWS CloudTrail,0
2025-01-24,430832610640,AWS Global Accelerator,1.9925586836
2025-01-24,430832610640,AWS Key Management Service,0.0267741936
2025-01-24,430832610640,Amazon DynamoDB,0
2025-01-24,430832610640,EC2 - Other,7.5584330125
2025-01-24,430832610640,Amazon Elastic Compute Cloud - Compute,0.0000015548
2025-01-24,430832610640,Amazon Elastic Container Service for Kubernetes,1.992
2025-01-24,430832610640,Amazon Elastic File System,0.038433384
2025-01-24,430832610640,Amazon Elastic Load Balancing,4.8526330655
2025-01-24,430832610640,Amazon Simple Storage Service,0.0001137247
2025-01-24,430832610640,Amazon Virtual Private Cloud,14.7480405961
2025-01-24,430832610640,AmazonCloudWatch,0.0000701467
2025-01-24,611713488645,AWS Backup,0.0720145883
2025-01-24,611713488645,AWS CloudTrail,0
2025-01-24,611713488645,AWS Glue,0
2025-01-24,611713488645,AWS Key Management Service,0.1070967744
2025-01-24,611713488645,AWS Lambda,0.0000055523
2025-01-24,611713488645,AWS Secrets Manager,0.1070967768
2025-01-24,611713488645,AWS WAF,0.1338709656
2025-01-24,611713488645,Amazon Bedrock,0.149938782
2025-01-24,611713488645,Amazon CloudFront,0
2025-01-24,611713488645,Amazon DynamoDB,0
2025-01-24,611713488645,Amazon EC2 Container Registry (ECR),0.0129723624
2025-01-24,611713488645,EC2 - Other,83.852726521
2025-01-24,611713488645,Amazon Elastic Compute Cloud - Compute,208.630810003
2025-01-24,611713488645,Amazon Elastic Container Registry Public,0
2025-01-24,611713488645,Amazon Elastic Container Service for Kubernetes,25.2170496727
2025-01-24,611713488645,Amazon Elastic File System,21.6428156928
2025-01-24,611713488645,Amazon Elastic Load Balancing,43.8717922457
2025-01-24,611713488645,Amazon Route 53,0.001664648
2025-01-24,611713488645,Amazon SageMaker,0.9931413414
2025-01-24,611713488645,Amazon Simple Storage Service,27.9966018121
2025-01-24,611713488645,Amazon Virtual Private Cloud,21.6961054751
2025-01-24,611713488645,AmazonCloudWatch,0.1640861687
2025-01-24,611713488645,CloudWatch Events,0
2025-01-24,630754316413,AWS CloudTrail,0
2025-01-24,630754316413,EC2 - Other,4.681081974
2025-01-24,630754316413,Amazon Elastic Compute Cloud - Compute,0.0000015753
2025-01-24,630754316413,Amazon Elastic Load Balancing,0.9522944537
2025-01-24,630754316413,Amazon Relational Database Service,1.1562238723
2025-01-24,630754316413,Amazon Simple Storage Service,0.0919263199
2025-01-24,630754316413,Amazon Virtual Private Cloud,0.3984
2025-01-24,630754316413,AmazonCloudWatch,0.012977359
2025-01-24,635213132527,AWS CloudTrail,0
2025-01-24,635213132527,Amazon EC2 Container Registry (ECR),0.0009869016
2025-01-24,635213132527,EC2 - Other,12.1950680138
2025-01-24,635213132527,Amazon Elastic Compute Cloud - Compute,8.4116741558
2025-01-24,635213132527,Amazon Elastic File System,0.5722532616
2025-01-24,635213132527,Amazon Elastic Load Balancing,4.2390979155
2025-01-24,635213132527,Amazon Simple Storage Service,1.1719414521
2025-01-24,635213132527,Amazon Virtual Private Cloud,1.992
2025-01-24,635213132527,AmazonCloudWatch,0.0040201782
2025-01-24,668042396284,AWS Backup,10.5044746383
2025-01-24,668042396284,AWS Cost Explorer,0.2739
2025-01-24,668042396284,AWS Key Management Service,0.0550125072
2025-01-24,668042396284,AWS Secrets Manager,0.0214193544
2025-01-24,668042396284,Amazon DevOps Guru,0
2025-01-24,668042396284,Amazon DynamoDB,0
2025-01-24,668042396284,EC2 - Other,2577.2843951337
2025-01-24,668042396284,Amazon Elastic Compute Cloud - Compute,103.809309628
2025-01-24,668042396284,Amazon Elastic Container Service for Kubernetes,1.992
2025-01-24,668042396284,Amazon Elastic File System,74.6901173007
2025-01-24,668042396284,Amazon Elastic Load Balancing,105.2051866307
2025-01-24,668042396284,Amazon Polly,0.02050432
2025-01-24,668042396284,Amazon Relational Database Service,14.8801343362
2025-01-24,668042396284,Amazon Simple Storage Service,85.9653676698
2025-01-24,668042396284,Amazon Virtual Private Cloud,11.4442938462
2025-01-24,668042396284,AmazonCloudWatch,305.8502272963
2025-01-24,678990834671,EC2 - Other,0.0195703319
2025-01-24,678990834671,Amazon Elastic Compute Cloud - Compute,0.0001164278
2025-01-24,678990834671,Amazon Simple Storage Service,0.0000779835
2025-01-24,678990834671,Amazon Virtual Private Cloud,1.494
2025-01-24,678990834671,AmazonCloudWatch,0.0000000011
2025-01-24,692457086123,Amazon Simple Storage Service,0.0000942846
2025-01-24,840214516040,Amazon Simple Storage Service,0.000153039
2025-01-24,888346146368,Amazon Chime Voice Connector a service sold by AMCS LLC,0.0267741936
2025-01-24,888346146368,Amazon Connect,0
2025-01-24,888346146368,Amazon Simple Storage Service,0.000833677
2025-01-24,888346146368,AmazonCloudWatch,0.0000000054
2025-01-24,888346146368,"Contact Center Telecommunications (service sold by AMCS, LLC)",0
2025-01-24,915403479018,AWS CloudTrail,0
2025-01-24,915403479018,AWS Cost Explorer,1.9148129452
2025-01-24,915403479018,AWS Glue,0.0165556116
2025-01-24,915403479018,AWS Key Management Service,0.0267741936
2025-01-24,915403479018,Amazon Athena,0.3719645
2025-01-24,915403479018,EC2 - Other,0.0593666756
2025-01-24,915403479018,Amazon QuickSight,2.1498761808
2025-01-24,915403479018,Amazon Simple Notification Service,0.0000002045
2025-01-24,915403479018,Amazon Simple Storage Service,0.4029053783
2025-01-24,915403479018,AmazonCloudWatch,0.0000034134
2025-01-24,915403479018,Savings Plans for AWS Compute usage,996
2025-01-24,929999988963,AWS Backup,0.0055576623
2025-01-24,929999988963,AWS CloudTrail,0
2025-01-24,929999988963,AWS Cost Explorer,0.0498
2025-01-24,929999988963,AWS Key Management Service,0.0817867008
2025-01-24,929999988963,AWS Secrets Manager,0.0214193544
2025-01-24,929999988963,Amazon DynamoDB,0
2025-01-24,929999988963,EC2 - Other,703.466110684
2025-01-24,929999988963,Amazon Elastic Compute Cloud - Compute,282.8858405842
2025-01-24,929999988963,Amazon Elastic Container Service for Kubernetes,1.992
2025-01-24,929999988963,Amazon Elastic File System,4.9119035571
2025-01-24,929999988963,Amazon Elastic Load Balancing,25.6805597311
2025-01-24,929999988963,Amazon Polly,0.84013264
2025-01-24,929999988963,Amazon Simple Storage Service,48.5800059066
2025-01-24,929999988963,Amazon Virtual Private Cloud,7.0716008187
2025-01-24,929999988963,AmazonCloudWatch,0.0642580656
2025-01-24,942272457509,AWS Backup,4.8810210536
2025-01-24,942272457509,AWS Cost Explorer,0.0498
2025-01-24,942272457509,AWS Glue,0
2025-01-24,942272457509,AWS Key Management Service,0.0550374072
2025-01-24,942272457509,AWS Secrets Manager,0.0214442544
2025-01-24,942272457509,Amazon DynamoDB,0
2025-01-24,942272457509,EC2 - Other,205.3696749041
2025-01-24,942272457509,Amazon Elastic Compute Cloud - Compute,470.4499792368
2025-01-24,942272457509,Amazon Elastic Container Service for Kubernetes,1.992
2025-01-24,942272457509,Amazon Elastic File System,31.5057805687
2025-01-24,942272457509,Amazon Elastic Load Balancing,11.3508281085
2025-01-24,942272457509,Amazon Location Service,0.0000913
2025-01-24,942272457509,Amazon Simple Notification Service,0
2025-01-24,942272457509,Amazon Simple Queue Service,0.0000030212
2025-01-24,942272457509,Amazon Simple Storage Service,0.6318464341
2025-01-24,942272457509,Amazon Virtual Private Cloud,5.7770875713
2025-01-24,985455604191,Amazon Simple Queue Service,0.116637576
2025-01-24,985455604191,Amazon Simple Storage Service,0.0000919986
2025-01-24,989586476485,AWS Backup,0.1583189314
2025-01-24,989586476485,AWS CloudTrail,7.06208488
2025-01-24,989586476485,AWS Glue,0
2025-01-24,989586476485,AWS Key Management Service,0.0401081436
2025-01-24,989586476485,AWS Lambda,0.9143041253
2025-01-24,989586476485,AWS Secrets Manager,0.646548044
2025-01-24,989586476485,AWS Step Functions,7.5167625172
2025-01-24,989586476485,AWS Systems Manager,70.571829
2025-01-24,989586476485,AWS WAF,0.1874193528
2025-01-24,989586476485,Amazon API Gateway,43.0612067944
2025-01-24,989586476485,Amazon CloudFront,0.0134259801
2025-01-24,989586476485,Amazon DynamoDB,0.2425285296
2025-01-24,989586476485,Amazon EC2 Container Registry (ECR),7.1208806886
2025-01-24,989586476485,EC2 - Other,114.0509776637
2025-01-24,989586476485,Amazon Elastic Compute Cloud - Compute,489.1450630174
2025-01-24,989586476485,Amazon Elastic Container Registry Public,0
2025-01-24,989586476485,Amazon Elastic Container Service,0.8801602482
2025-01-24,989586476485,Amazon Elastic Container Service for Kubernetes,23.904
2025-01-24,989586476485,Amazon Elastic Load Balancing,32.8151328324
2025-01-24,989586476485,Amazon Relational Database Service,4.828201284
2025-01-24,989586476485,Amazon Route 53,0.02199998
2025-01-24,989586476485,Amazon Simple Email Service,0.0039906244
2025-01-24,989586476485,Amazon Simple Queue Service,0.073454834
2025-01-24,989586476485,Amazon Simple Storage Service,108.2366840516
2025-01-24,989586476485,Amazon Virtual Private Cloud,14.9392587652
2025-01-24,989586476485,AmazonCloudWatch,7.3077952386
2025-01-24,989586476485,CloudWatch Events,0.1999433422
2025-01-24,989586476485,Tax,0
2025-01-25,154080667894,AWS Backup,0.0044011527
2025-01-25,154080667894,AWS CloudTrail,0
2025-01-25,154080667894,AWS Cost Explorer,0.0498
2025-01-25,154080667894,AWS Key Management Service,0.0550125072
2025-01-25,154080667894,AWS Secrets Manager,0.0214193544
2025-01-25,154080667894,Amazon DynamoDB,0
2025-01-25,154080667894,EC2 - Other,588.4286130771
2025-01-25,154080667894,Amazon Elastic Compute Cloud - Compute,1.0333613434
2025-01-25,154080667894,Amazon Elastic Container Service for Kubernetes,1.992
2025-01-25,154080667894,Amazon Elastic File System,2.4630187385
2025-01-25,154080667894,Amazon Elastic Load Balancing,16.4983000959
2025-01-25,154080667894,Amazon Simple Storage Service,92.5273191886
2025-01-25,154080667894,Amazon Virtual Private Cloud,8.3672836268
2025-01-25,154080667894,AmazonCloudWatch,0.0803225784
2025-01-25,211125702613,AWS Backup,0.052477288
2025-01-25,211125702613,AWS Key Management Service,0.1627965216
2025-01-25,211125702613,AWS Secrets Manager,0.0428387112
2025-01-25,211125702613,Amazon DynamoDB,0
2025-01-25,211125702613,EC2 - Other,119.0550973804
2025-01-25,211125702613,Amazon Elastic Compute Cloud - Compute,229.2959048364
2025-01-25,211125702613,Amazon Elastic Container Service for Kubernetes,7.968
2025-01-25,211125702613,Amazon Elastic File System,1.4043567065
2025-01-25,211125702613,Amazon Elastic Load Balancing,12.4191544693
2025-01-25,211125702613,Amazon Simple Storage Service,0.4281636555
2025-01-25,211125702613,Amazon Virtual Private Cloud,5.6772
2025-01-25,211125702613,AmazonCloudWatch,0.0000532317
2025-01-25,226032384342,AWS Backup,0.0891385752
2025-01-25,226032384342,AWS CloudTrail,0
2025-01-25,226032384342,AWS Key Management Service,0.0535483872
2025-01-25,226032384342,AWS Secrets Manager,0.0963870984
2025-01-25,226032384342,Amazon DynamoDB,0.0000000946
2025-01-25,226032384342,Amazon EC2 Container Registry (ECR),0.0167682264
2025-01-25,226032384342,EC2 - Other,3.176776045
2025-01-25,226032384342,Amazon Elastic Compute Cloud - Compute,0.024191784
2025-01-25,226032384342,Amazon Elastic Container Registry Public,0
2025-01-25,226032384342,Amazon Elastic Container Service for Kubernetes,3.984
2025-01-25,226032384342,Amazon Elastic File System,0.0382884576
2025-01-25,226032384342,Amazon Elastic Load Balancing,1.5896794907
2025-01-25,226032384342,Amazon Relational Database Service,0.8687079357
2025-01-25,226032384342,Amazon Simple Storage Service,0.1017512403
2025-01-25,226032384342,Amazon Virtual Private Cloud,0.9156905819
2025-01-25,226032384342,AmazonCloudWatch,0.6385104581
2025-01-25,226032384342,CloudWatch Events,0.00000249
2025-01-25,230864768389,AWS Backup,0.002139464
2025-01-25,230864768389,AWS CloudTrail,0
2025-01-25,230864768389,AWS Cost Explorer,0.0498
2025-01-25,230864768389,AWS Key Management Service,0.0550125072
2025-01-25,230864768389,AWS Secrets Manager,0.0214193544
2025-01-25,230864768389,Amazon DynamoDB,0
2025-01-25,230864768389,EC2 - Other,655.1081184109
2025-01-25,230864768389,Amazon Elastic Compute Cloud - Compute,658.7184631554
2025-01-25,230864768389,Amazon Elastic Container Service for Kubernetes,3.984
2025-01-25,230864768389,Amazon Elastic File System,3.9170995751
2025-01-25,230864768389,Amazon Elastic Load Balancing,36.4845765186
2025-01-25,230864768389,Amazon Simple Storage Service,106.5453673964
2025-01-25,230864768389,Amazon Virtual Private Cloud,13.7501414291
2025-01-25,230864768389,AmazonCloudWatch,0.0026774184
2025-01-25,430832610640,AWS Backup,0.101751066
2025-01-25,430832610640,AWS CloudTrail,0
2025-01-25,430832610640,AWS Global Accelerator,1.9925925962
2025-01-25,430832610640,AWS Key Management Service,0.0267741936
2025-01-25,430832610640,Amazon DynamoDB,0
2025-01-25,430832610640,EC2 - Other,7.5584351144
2025-01-25,430832610640,Amazon Elastic Compute Cloud - Compute,0.0000061911
2025-01-25,430832610640,Amazon Elastic Container Service for Kubernetes,1.992
2025-01-25,430832610640,Amazon Elastic File System,0.038433384
2025-01-25,430832610640,Amazon Elastic Load Balancing,4.8526421978
2025-01-25,430832610640,Amazon Simple Storage Service,0.0001264469
2025-01-25,430832610640,Amazon Virtual Private Cloud,14.7408
2025-01-25,430832610640,AmazonCloudWatch,0.0000701467
2025-01-25,611713488645,AWS Backup,0.0720145883
2025-01-25,611713488645,AWS CloudTrail,0
2025-01-25,611713488645,AWS Glue,0
2025-01-25,611713488645,AWS Key Management Service,0.1070967744
2025-01-25,611713488645,AWS Lambda,0.000003033
2025-01-25,611713488645,AWS Secrets Manager,0.1070967768
2025-01-25,611713488645,AWS WAF,0.1338709656
2025-01-25,611713488645,Amazon CloudFront,0
2025-01-25,611713488645,Amazon DynamoDB,0
2025-01-25,611713488645,Amazon EC2 Container Registry (ECR),0.0129723624
2025-01-25,611713488645,EC2 - Other,83.5307756197
2025-01-25,611713488645,Amazon Elastic Compute Cloud - Compute,210.0197653174
2025-01-25,611713488645,Amazon Elastic Container Registry Public,0
2025-01-25,611713488645,Amazon Elastic Container Service for Kubernetes,25.2117544928
2025-01-25,611713488645,Amazon Elastic File System,21.6428156928
2025-01-25,611713488645,Amazon Elastic Load Balancing,43.4585349542
2025-01-25,611713488645,Amazon Route 53,0.000143424
2025-01-25,611713488645,Amazon SageMaker,0.996
2025-01-25,611713488645,Amazon Simple Storage Service,28.0675919858
2025-01-25,611713488645,Amazon Virtual Private Cloud,21.760469668
2025-01-25,611713488645,AmazonCloudWatch,0.1640828324
2025-01-25,611713488645,CloudWatch Events,0
2025-01-25,630754316413,AWS CloudTrail,0
2025-01-25,630754316413,EC2 - Other,4.6810817516
2025-01-25,630754316413,Amazon Elastic Compute Cloud - Compute,0.0000012511
2025-01-25,630754316413,Amazon Elastic Load Balancing,0.9522618403
2025-01-25,630754316413,Amazon Relational Database Service,1.1562238819
2025-01-25,630754316413,Amazon Simple Storage Service,0.0920012812
2025-01-25,630754316413,Amazon Virtual Private Cloud,0.3984
2025-01-25,630754316413,AmazonCloudWatch,0.012977195
2025-01-25,635213132527,AWS CloudTrail,0
2025-01-25,635213132527,Amazon EC2 Container Registry (ECR),0.0009869016
2025-01-25,635213132527,EC2 - Other,12.1951278621
2025-01-25,635213132527,Amazon Elastic Compute Cloud - Compute,8.4143655687
2025-01-25,635213132527,Amazon Elastic File System,0.5722532616
2025-01-25,635213132527,Amazon Elastic Load Balancing,4.2390947068
2025-01-25,635213132527,Amazon Simple Storage Service,1.2111802353
2025-01-25,635213132527,Amazon Virtual Private Cloud,1.992
2025-01-25,635213132527,AmazonCloudWatch,0.0040201782
2025-01-25,668042396284,AWS Backup,10.6236004632
2025-01-25,668042396284,AWS Cost Explorer,0.2656
2025-01-25,668042396284,AWS Key Management Service,0.0550125072
2025-01-25,668042396284,AWS Secrets Manager,0.0214193544
2025-01-25,668042396284,Amazon DevOps Guru,0
2025-01-25,668042396284,Amazon DynamoDB,0
2025-01-25,668042396284,EC2 - Other,2427.7601317022
2025-01-25,668042396284,Amazon Elastic Compute Cloud - Compute,90.4300511595
2025-01-25,668042396284,Amazon Elastic Container Service for Kubernetes,1.992
2025-01-25,668042396284,Amazon Elastic File System,75.5186022775
2025-01-25,668042396284,Amazon Elastic Load Balancing,87.8350257901
2025-01-25,668042396284,Amazon Relational Database Service,14.8801343506
2025-01-25,668042396284,Amazon Simple Storage Service,35.2543495261
2025-01-25,668042396284,Amazon Virtual Private Cloud,11.4395764926
2025-01-25,668042396284,AmazonCloudWatch,282.1771861878
2025-01-25,678990834671,EC2 - Other,0.0195648907
2025-01-25,678990834671,Amazon Elastic Compute Cloud - Compute,0.0001563426
2025-01-25,678990834671,Amazon Simple Storage Service,0.0000728263
2025-01-25,678990834671,Amazon Virtual Private Cloud,1.494
2025-01-25,678990834671,AmazonCloudWatch,0.0000000011
2025-01-25,692457086123,Amazon Simple Storage Service,0.0000942855
2025-01-25,840214516040,Amazon Simple Storage Service,0.0001527137
2025-01-25,888346146368,Amazon Chime Voice Connector a service sold by AMCS LLC,0.0267741936
2025-01-25,888346146368,Amazon Simple Storage Service,0.0008035212
2025-01-25,888346146368,AmazonCloudWatch,0.0000000054
2025-01-25,888346146368,"Contact Center Telecommunications (service sold by AMCS, LLC)",0
2025-01-25,915403479018,AWS CloudTrail,0
2025-01-25,915403479018,AWS Cost Explorer,1.7477170774
2025-01-25,915403479018,AWS Glue,0.0202276976
2025-01-25,915403479018,AWS Key Management Service,0.0267741936
2025-01-25,915403479018,Amazon Athena,0.37310575
2025-01-25,915403479018,EC2 - Other,0.0593666756
2025-01-25,915403479018,Amazon QuickSight,2.1498761808
2025-01-25,915403479018,Amazon Simple Notification Service,0.0000002045
2025-01-25,915403479018,Amazon Simple Storage Service,0.4011065407
2025-01-25,915403479018,AmazonCloudWatch,0.0000034151
2025-01-25,915403479018,Savings Plans for AWS Compute usage,996
2025-01-25,929999988963,AWS Backup,0.0055576625
2025-01-25,929999988963,AWS CloudTrail,0
2025-01-25,929999988963,AWS Cost Explorer,0.0498
2025-01-25,929999988963,AWS Key Management Service,0.0817867008
2025-01-25,929999988963,AWS Secrets Manager,0.0214193544
2025-01-25,929999988963,Amazon DynamoDB,0
2025-01-25,929999988963,EC2 - Other,648.597556273
2025-01-25,929999988963,Amazon Elastic Compute Cloud - Compute,310.9251025192
2025-01-25,929999988963,Amazon Elastic Container Service for Kubernetes,1.992
2025-01-25,929999988963,Amazon Elastic File System,4.9189222277
2025-01-25,929999988963,Amazon Elastic Load Balancing,20.4749875858
2025-01-25,929999988963,Amazon Polly,0.83742352
2025-01-25,929999988963,Amazon Simple Storage Service,48.4922484614
2025-01-25,929999988963,Amazon Virtual Private Cloud,7.0768660422
2025-01-25,929999988963,AmazonCloudWatch,0.0642580656
2025-01-25,942272457509,AWS Backup,5.0853996968
2025-01-25,942272457509,AWS Cost Explorer,0.0498
2025-01-25,942272457509,AWS Glue,0
2025-01-25,942272457509,AWS Key Management Service,0.0550398972
2025-01-25,942272457509,AWS Secrets Manager,0.0214484044
2025-01-25,942272457509,Amazon DynamoDB,0
2025-01-25,942272457509,EC2 - Other,197.1380421225
2025-01-25,942272457509,Amazon Elastic Compute Cloud - Compute,470.4070629852
2025-01-25,942272457509,Amazon Elastic Container Service for Kubernetes,1.992
2025-01-25,942272457509,Amazon Elastic File System,32.8601787612
2025-01-25,942272457509,Amazon Elastic Load Balancing,11.2601951781
2025-01-25,942272457509,Amazon Location Service,0.000074285
2025-01-25,942272457509,Amazon Simple Notification Service,0
2025-01-25,942272457509,Amazon Simple Queue Service,0.000002324
2025-01-25,942272457509,Amazon Simple Storage Service,0.6270465446
2025-01-25,942272457509,Amazon Virtual Private Cloud,5.7770555886
2025-01-25,985455604191,Amazon Simple Queue Service,0.110860776
2025-01-25,985455604191,Amazon Simple Storage Service,0.0000923322
2025-01-25,989586476485,AWS Backup,0.1587970073
2025-01-25,989586476485,AWS CloudTrail,7.01471761
2025-01-25,989586476485,AWS Glue,0
2025-01-25,989586476485,AWS Key Management Service,0.0319284936
2025-01-25,989586476485,AWS Lambda,0.8381683983
2025-01-25,989586476485,AWS Secrets Manager,0.643991644
2025-01-25,989586476485,AWS Step Functions,7.4870260019
2025-01-25,989586476485,AWS Systems Manager,69.025871
2025-01-25,989586476485,AWS WAF,0.1874193528
2025-01-25,989586476485,Amazon API Gateway,43.4962326549
2025-01-25,989586476485,Amazon CloudFront,0.0131222746
2025-01-25,989586476485,Amazon DynamoDB,0.2357540036
2025-01-25,989586476485,Amazon EC2 Container Registry (ECR),7.051370724
2025-01-25,989586476485,EC2 - Other,91.7265549444
2025-01-25,989586476485,Amazon Elastic Compute Cloud - Compute,500.4493326774
2025-01-25,989586476485,Amazon Elastic Container Registry Public,0
2025-01-25,989586476485,Amazon Elastic Container Service for Kubernetes,23.904
2025-01-25,989586476485,Amazon Elastic Load Balancing,34.0292965453
2025-01-25,989586476485,Amazon Relational Database Service,4.8292448661
2025-01-25,989586476485,Amazon Route 53,0.019213836
2025-01-25,989586476485,Amazon Simple Email Service,0.0035749984
2025-01-25,989586476485,Amazon Simple Queue Service,0.0668261552
2025-01-25,989586476485,Amazon Simple Storage Service,106.7131535248
2025-01-25,989586476485,Amazon Virtual Private Cloud,14.7590277142
2025-01-25,989586476485,AmazonCloudWatch,6.8386585274
2025-01-25,989586476485,CloudWatch Events,0.1981220666
2025-01-26,154080667894,AWS Backup,0.0043979877
2025-01-26,154080667894,AWS CloudTrail,0
2025-01-26,154080667894,AWS Cost Explorer,0.0498
2025-01-26,154080667894,AWS Key Management Service,0.0550125072
2025-01-26,154080667894,AWS Secrets Manager,0.0214193544
2025-01-26,154080667894,Amazon DynamoDB,0
2025-01-26,154080667894,EC2 - Other,585.2717296977
2025-01-26,154080667894,Amazon Elastic Compute Cloud - Compute,0.9459132849
2025-01-26,154080667894,Amazon Elastic Container Service for Kubernetes,1.992
2025-01-26,154080667894,Amazon Elastic File System,2.4508599778
2025-01-26,154080667894,Amazon Elastic Load Balancing,15.3490763268
2025-01-26,154080667894,Amazon Simple Storage Service,92.8569447943
2025-01-26,154080667894,Amazon Virtual Private Cloud,8.3672393906
2025-01-26,154080667894,AmazonCloudWatch,0.0803225784
2025-01-26,211125702613,AWS Backup,0.052477288
2025-01-26,211125702613,AWS Key Management Service,0.1627965216
2025-01-26,211125702613,AWS Secrets Manager,0.0428387112
2025-01-26,211125702613,Amazon DynamoDB,0
2025-01-26,211125702613,EC2 - Other,118.7385982124
2025-01-26,211125702613,Amazon Elastic Compute Cloud - Compute,229.2953809803
2025-01-26,211125702613,Amazon Elastic Container Service for Kubernetes,7.968
2025-01-26,211125702613,Amazon Elastic File System,1.4049039794
2025-01-26,211125702613,Amazon Elastic Load Balancing,12.4756293388
2025-01-26,211125702613,Amazon Simple Storage Service,0.4265536333
2025-01-26,211125702613,Amazon Virtual Private Cloud,5.6772
2025-01-26,211125702613,AmazonCloudWatch,0.0000532317
2025-01-26,226032384342,AWS Backup,0.0891385752
2025-01-26,226032384342,AWS CloudTrail,0
2025-01-26,226032384342,AWS Key Management Service,0.0535483872
2025-01-26,226032384342,AWS Secrets Manager,0.0963870984
2025-01-26,226032384342,Amazon DynamoDB,0.0000000947
2025-01-26,226032384342,Amazon EC2 Container Registry (ECR),0.0167682264
2025-01-26,226032384342,EC2 - Other,3.1691473198
2025-01-26,226032384342,Amazon Elastic Compute Cloud - Compute,0.0240597976
2025-01-26,226032384342,Amazon Elastic Container Registry Public,0
2025-01-26,226032384342,Amazon Elastic Container Service for Kubernetes,3.984
2025-01-26,226032384342,Amazon Elastic File System,0.0382884576
2025-01-26,226032384342,Amazon Elastic Load Balancing,1.589678185
2025-01-26,226032384342,Amazon Relational Database Service,0.8687079307
2025-01-26,226032384342,Amazon Simple Storage Service,0.101738642
2025-01-26,226032384342,Amazon Virtual Private Cloud,0.8964
2025-01-26,226032384342,AmazonCloudWatch,0.6385108974
2025-01-26,230864768389,AWS Backup,0.002139464
2025-01-26,230864768389,AWS CloudTrail,0
2025-01-26,230864768389,AWS Cost Explorer,0.0498
2025-01-26,230864768389,AWS Key Management Service,0.0550149972
2025-01-26,230864768389,AWS Secrets Manager,0.0214193544
2025-01-26,230864768389,Amazon DynamoDB,0
2025-01-26,230864768389,EC2 - Other,644.6940674848
2025-01-26,230864768389,Amazon Elastic Compute Cloud - Compute,657.1000544756
2025-01-26,230864768389,Amazon Elastic Container Service for Kubernetes,3.984
2025-01-26,230864768389,Amazon Elastic File System,3.9528777502
2025-01-26,230864768389,Amazon Elastic Load Balancing,35.2038635507
2025-01-26,230864768389,Amazon Simple Storage Service,107.4074009161
2025-01-26,230864768389,Amazon Virtual Private Cloud,13.7483825863
2025-01-26,230864768389,AmazonCloudWatch,0.0026774184
2025-01-26,430832610640,AWS Backup,0.101751066
2025-01-26,430832610640,AWS CloudTrail,0
2025-01-26,430832610640,AWS Global Accelerator,1.9926302925
2025-01-26,430832610640,AWS Key Management Service,0.0267741936
2025-01-26,430832610640,Amazon DynamoDB,0
2025-01-26,430832610640,EC2 - Other,7.5584377735
2025-01-26,430832610640,Amazon Elastic Compute Cloud - Compute,0.0000120478
2025-01-26,430832610640,Amazon Elastic Container Service for Kubernetes,1.992
2025-01-26,430832610640,Amazon Elastic File System,0.038433384
2025-01-26,430832610640,Amazon Elastic Load Balancing,4.8526428812
2025-01-26,430832610640,Amazon Simple Storage Service,0.0001271733
2025-01-26,430832610640,Amazon Virtual Private Cloud,14.7408
2025-01-26,430832610640,AmazonCloudWatch,0.0000701467
2025-01-26,611713488645,AWS Backup,0.0720145883
2025-01-26,611713488645,AWS CloudTrail,0
2025-01-26,611713488645,AWS Glue,0
2025-01-26,611713488645,AWS Key Management Service,0.1070967744
2025-01-26,611713488645,AWS Lambda,0.0000030243
2025-01-26,611713488645,AWS Secrets Manager,0.1070967768
2025-01-26,611713488645,AWS WAF,0.1338709656
2025-01-26,611713488645,Amazon CloudFront,0
2025-01-26,611713488645,Amazon DynamoDB,0
2025-01-26,611713488645,Amazon EC2 Container Registry (ECR),0.0129723624
2025-01-26,611713488645,EC2 - Other,84.0423061623
2025-01-26,611713488645,Amazon Elastic Compute Cloud - Compute,210.7441186413
2025-01-26,611713488645,Amazon Elastic Container Registry Public,0
2025-01-26,611713488645,Amazon Elastic Container Service for Kubernetes,25.2075298706
2025-01-26,611713488645,Amazon Elastic File System,21.6428156016
2025-01-26,611713488645,Amazon Elastic Load Balancing,43.4764293324
2025-01-26,611713488645,Amazon Route 53,0.000136452
2025-01-26,611713488645,Amazon SageMaker,0.996
2025-01-26,611713488645,Amazon Simple Storage Service,28.1029495236
2025-01-26,611713488645,Amazon Virtual Private Cloud,21.8660445143
2025-01-26,611713488645,AmazonCloudWatch,0.1641054671
2025-01-26,611713488645,CloudWatch Events,0
2025-01-26,630754316413,AWS CloudTrail,0
2025-01-26,630754316413,EC2 - Other,4.6810810538
2025-01-26,630754316413,Amazon Elastic Compute Cloud - Compute,0.0000002296
2025-01-26,630754316413,Amazon Elastic Load Balancing,0.9523429541
2025-01-26,630754316413,Amazon Relational Database Service,1.1562238723
2025-01-26,630754316413,Amazon Simple Storage Service,0.0925536405
2025-01-26,630754316413,Amazon Virtual Private Cloud,0.3998963032
2025-01-26,630754316413,AmazonCloudWatch,0.0129773729
2025-01-26,635213132527,AWS CloudTrail,0
2025-01-26,635213132527,Amazon EC2 Container Registry (ECR),0.0009869016
2025-01-26,635213132527,EC2 - Other,12.1951251155
2025-01-26,635213132527,Amazon Elastic Compute Cloud - Compute,8.4126042892
2025-01-26,635213132527,Amazon Elastic File System,0.5722532616
2025-01-26,635213132527,Amazon Elastic Load Balancing,4.2390953495
2025-01-26,635213132527,Amazon Simple Storage Service,1.1658446583
2025-01-26,635213132527,Amazon Virtual Private Cloud,1.992
2025-01-26,635213132527,AmazonCloudWatch,0.0040201782
2025-01-26,668042396284,AWS Backup,10.757414855
2025-01-26,668042396284,AWS Cost Explorer,0.2739
2025-01-26,668042396284,AWS Key Management Service,0.0550473672
2025-01-26,668042396284,AWS Secrets Manager,0.0214193544
2025-01-26,668042396284,Amazon DevOps Guru,0
2025-01-26,668042396284,Amazon DynamoDB,0
2025-01-26,668042396284,EC2 - Other,2296.8968499153
2025-01-26,668042396284,Amazon Elastic Compute Cloud - Compute,80.2647008872
2025-01-26,668042396284,Amazon Elastic Container Service for Kubernetes,1.992
2025-01-26,668042396284,Amazon Elastic File System,75.864503182
2025-01-26,668042396284,Amazon Elastic Load Balancing,79.4206864513
2025-01-26,668042396284,Amazon Relational Database Service,14.8801343457
2025-01-26,668042396284,Amazon Simple Storage Service,35.768402723
2025-01-26,668042396284,Amazon Virtual Private Cloud,11.4167712202
2025-01-26,668042396284,AmazonCloudWatch,254.9030475138
2025-01-26,678990834671,EC2 - Other,0.0195666173
2025-01-26,678990834671,Amazon Elastic Compute Cloud - Compute,0.0002098862
2025-01-26,678990834671,Amazon Simple Storage Service,0.0000862967
2025-01-26,678990834671,Amazon Virtual Private Cloud,1.494
2025-01-26,678990834671,AmazonCloudWatch,0.0000000011
2025-01-26,692457086123,Amazon Simple Storage Service,0.0000897841
2025-01-26,840214516040,Amazon Simple Storage Service,0.0001661825
2025-01-26,888346146368,Amazon Chime Voice Connector a service sold by AMCS LLC,0.0267741936
2025-01-26,888346146368,Amazon Simple Storage Service,0.000827674
2025-01-26,888346146368,AmazonCloudWatch,0.0000000054
2025-01-26,888346146368,"Contact Center Telecommunications (service sold by AMCS, LLC)",0
2025-01-26,915403479018,AWS CloudTrail,0
2025-01-26,915403479018,AWS Cost Explorer,1.7276267935
2025-01-26,915403479018,AWS Glue,0.0174890628
2025-01-26,915403479018,AWS Key Management Service,0.0267741936
2025-01-26,915403479018,Amazon Athena,0.3738486
2025-01-26,915403479018,EC2 - Other,0.0593666756
2025-01-26,915403479018,Amazon QuickSight,2.1498761808
2025-01-26,915403479018,Amazon Simple Notification Service,0.0000002045
2025-01-26,915403479018,Amazon Simple Storage Service,0.3988813258
2025-01-26,915403479018,AmazonCloudWatch,0.0000034167
2025-01-26,915403479018,Savings Plans for AWS Compute usage,996
2025-01-26,929999988963,AWS Backup,0.0055576625
2025-01-26,929999988963,AWS CloudTrail,0
2025-01-26,929999988963,AWS Cost Explorer,0.0498
2025-01-26,929999988963,AWS Key Management Service,0.0817867008
2025-01-26,929999988963,AWS Secrets Manager,0.0214193544
2025-01-26,929999988963,Amazon DynamoDB,0
2025-01-26,929999988963,EC2 - Other,640.1489489852
2025-01-26,929999988963,Amazon Elastic Compute Cloud - Compute,259.8859199305
2025-01-26,929999988963,Amazon Elastic Container Service for Kubernetes,1.992
2025-01-26,929999988963,Amazon Elastic File System,4.9058591991
2025-01-26,929999988963,Amazon Elastic Load Balancing,20.561503474
2025-01-26,929999988963,Amazon Polly,0.84663984
2025-01-26,929999988963,Amazon Simple Storage Service,49.528268973
2025-01-26,929999988963,Amazon Virtual Private Cloud,7.0716008454
2025-01-26,929999988963,AmazonCloudWatch,0.0642580656
2025-01-26,942272457509,AWS Backup,5.287987833
2025-01-26,942272457509,AWS Cost Explorer,0.0498
2025-01-26,942272457509,AWS Glue,0
2025-01-26,942272457509,AWS Key Management Service,0.0550174872
2025-01-26,942272457509,AWS Secrets Manager,0.0214359544
2025-01-26,942272457509,Amazon DynamoDB,0
2025-01-26,942272457509,EC2 - Other,191.5649248268
2025-01-26,942272457509,Amazon Elastic Compute Cloud - Compute,471.1349529552
2025-01-26,942272457509,Amazon Elastic Container Service for Kubernetes,1.992
2025-01-26,942272457509,Amazon Elastic File System,34.2081823049
2025-01-26,942272457509,Amazon Elastic Load Balancing,10.737866356
2025-01-26,942272457509,Amazon Location Service,0.0000083
2025-01-26,942272457509,Amazon Simple Notification Service,0
2025-01-26,942272457509,Amazon Simple Queue Service,0.000000332
2025-01-26,942272457509,Amazon Simple Storage Service,0.6375583259
2025-01-26,942272457509,Amazon Virtual Private Cloud,5.7770620809
2025-01-26,985455604191,Amazon Simple Queue Service,0.109453428
2025-01-26,985455604191,Amazon Simple Storage Service,0.0000989442
2025-01-26,989586476485,AWS Backup,0.1593069814
2025-01-26,989586476485,AWS CloudTrail,6.97659488
2025-01-26,989586476485,AWS Glue,0
2025-01-26,989586476485,AWS Key Management Service,0.0317193336
2025-01-26,989586476485,AWS Lambda,0.8356554581
2025-01-26,989586476485,AWS Secrets Manager,0.643991644
2025-01-26,989586476485,AWS Step Functions,7.4480768415
2025-01-26,989586476485,AWS Systems Manager,68.4201785
2025-01-26,989586476485,AWS WAF,0.1874193528
2025-01-26,989586476485,Amazon API Gateway,43.4487720931
2025-01-26,989586476485,Amazon CloudFront,0.0126185414
2025-01-26,989586476485,Amazon DynamoDB,0.2343462288
2025-01-26,989586476485,Amazon EC2 Container Registry (ECR),7.051370724
2025-01-26,989586476485,EC2 - Other,93.9642537143
2025-01-26,989586476485,Amazon Elastic Compute Cloud - Compute,493.7240127357
2025-01-26,989586476485,Amazon Elastic Container Registry Public,0
2025-01-26,989586476485,Amazon Elastic Container Service for Kubernetes,23.904
2025-01-26,989586476485,Amazon Elastic Load Balancing,35.0579569281
2025-01-26,989586476485,Amazon Relational Database Service,4.8307029353
2025-01-26,989586476485,Amazon Route 53,0.018892128
2025-01-26,989586476485,Amazon Simple Email Service,0.0016627723
2025-01-26,989586476485,Amazon Simple Queue Service,0.0669183848
2025-01-26,989586476485,Amazon Simple Storage Service,108.80694423
2025-01-26,989586476485,Amazon Virtual Private Cloud,14.6464428406
2025-01-26,989586476485,AmazonCloudWatch,6.8139860821
2025-01-26,989586476485,CloudWatch Events,0.1970021629
2025-01-27,154080667894,AWS CloudTrail,0
2025-01-27,154080667894,AWS Cost Explorer,0.0415
2025-01-27,154080667894,AWS Key Management Service,0.0504306216
2025-01-27,154080667894,AWS Secrets Manager,0.0196344082
2025-01-27,154080667894,Amazon DynamoDB,0
2025-01-27,154080667894,EC2 - Other,548.7763672949
2025-01-27,154080667894,Amazon Elastic Compute Cloud - Compute,1.1129665471
2025-01-27,154080667894,Amazon Elastic Container Service for Kubernetes,1.826
2025-01-27,154080667894,Amazon Elastic File System,2.2382606851
2025-01-27,154080667894,Amazon Elastic Load Balancing,18.0414581663
2025-01-27,154080667894,Amazon Simple Storage Service,123.2656715672
2025-01-27,154080667894,Amazon Virtual Private Cloud,7.670269993
2025-01-27,154080667894,AmazonCloudWatch,0.0736290302
2025-01-27,211125702613,AWS Key Management Service,0.1436521878
2025-01-27,211125702613,AWS Secrets Manager,0.0392688186
2025-01-27,211125702613,Amazon DynamoDB,0
2025-01-27,211125702613,EC2 - Other,95.3419700367
2025-01-27,211125702613,Amazon Elastic Compute Cloud - Compute,209.1446271405
2025-01-27,211125702613,Amazon Elastic Container Service for Kubernetes,7.304
2025-01-27,211125702613,Amazon Elastic File System,1.2873221444
2025-01-27,211125702613,Amazon Elastic Load Balancing,11.4064525097
2025-01-27,211125702613,Amazon Simple Storage Service,0.3781584736
2025-01-27,211125702613,Amazon Virtual Private Cloud,5.19995
2025-01-27,211125702613,AmazonCloudWatch,0.0000532317
2025-01-27,226032384342,AWS CloudTrail,0
2025-01-27,226032384342,AWS Key Management Service,0.0479704302
2025-01-27,226032384342,AWS Secrets Manager,0.0883548402
2025-01-27,226032384342,Amazon DynamoDB,0.000000086
2025-01-27,226032384342,Amazon EC2 Container Registry (ECR),0.0153708742
2025-01-27,226032384342,EC2 - Other,2.4914790673
2025-01-27,226032384342,Amazon Elastic Compute Cloud - Compute,0.0396871701
2025-01-27,226032384342,Amazon Elastic Container Registry Public,0
2025-01-27,226032384342,Amazon Elastic Container Service for Kubernetes,3.652
2025-01-27,226032384342,Amazon Elastic File System,0.0350977528
2025-01-27,226032384342,Amazon Elastic Load Balancing,1.4572128489
2025-01-27,226032384342,Amazon Relational Database Service,0.7601213571
2025-01-27,226032384342,Amazon Simple Storage Service,0.101714828
2025-01-27,226032384342,Amazon Virtual Private Cloud,0.80095
2025-01-27,226032384342,AmazonCloudWatch,0.5848312458
2025-01-27,230864768389,AWS CloudTrail,0
2025-01-27,230864768389,AWS Cost Explorer,0.0415
2025-01-27,230864768389,AWS Key Management Service,0.0481994388
2025-01-27,230864768389,AWS Secrets Manager,0.0196344082
2025-01-27,230864768389,Amazon DynamoDB,0
2025-01-27,230864768389,EC2 - Other,595.6297933928
2025-01-27,230864768389,Amazon Elastic Compute Cloud - Compute,603.007274975
2025-01-27,230864768389,Amazon Elastic Container Service for Kubernetes,3.652
2025-01-27,230864768389,Amazon Elastic File System,3.64180894
2025-01-27,230864768389,Amazon Elastic Load Balancing,25.8631504901
2025-01-27,230864768389,Amazon Simple Storage Service,107.7115756265
2025-01-27,230864768389,Amazon Virtual Private Cloud,12.4875337494
2025-01-27,230864768389,AmazonCloudWatch,0.0024543002
2025-01-27,430832610640,AWS CloudTrail,0
2025-01-27,430832610640,AWS Global Accelerator,1.8266003423
2025-01-27,430832610640,AWS Key Management Service,0.0234274194
2025-01-27,430832610640,Amazon DynamoDB,0
2025-01-27,430832610640,EC2 - Other,6.3224355683
2025-01-27,430832610640,Amazon Elastic Compute Cloud - Compute,0.0000079966
2025-01-27,430832610640,Amazon Elastic Container Service for Kubernetes,1.826
2025-01-27,430832610640,Amazon Elastic File System,0.035230602
2025-01-27,430832610640,Amazon Elastic Load Balancing,4.4482560083
2025-01-27,430832610640,Amazon Simple Storage Service,0.0001199335
2025-01-27,430832610640,Amazon Virtual Private Cloud,13.5124
2025-01-27,430832610640,AmazonCloudWatch,0.0000701467
2025-01-27,611713488645,AWS CloudTrail,0
2025-01-27,611713488645,AWS Glue,0
2025-01-27,611713488645,AWS Key Management Service,0.0970738818
2025-01-27,611713488645,AWS Lambda,0.0000011914
2025-01-27,611713488645,AWS Secrets Manager,0.0981720454
2025-01-27,611713488645,AWS WAF,0.1227150518
2025-01-27,611713488645,Amazon Bedrock,0.2537738279
2025-01-27,611713488645,Amazon CloudFront,0
2025-01-27,611713488645,Amazon DynamoDB,0
2025-01-27,611713488645,Amazon EC2 Container Registry (ECR),0.0118913322
2025-01-27,611713488645,EC2 - Other,66.357212049
2025-01-27,611713488645,Amazon Elastic Compute Cloud - Compute,185.4080199363
2025-01-27,611713488645,Amazon Elastic Container Registry Public,0
2025-01-27,611713488645,Amazon Elastic Container Service for Kubernetes,23.1111284277
2025-01-27,611713488645,Amazon Elastic File System,19.8392476348
2025-01-27,611713488645,Amazon Elastic Load Balancing,40.4958305283
2025-01-27,611713488645,Amazon Route 53,0.000613204
2025-01-27,611713488645,Amazon SageMaker,0.913
2025-01-27,611713488645,Amazon Simple Storage Service,26.8987224278
2025-01-27,611713488645,Amazon Virtual Private Cloud,20.08185
2025-01-27,611713488645,AmazonCloudWatch,0.1573191781
2025-01-27,611713488645,CloudWatch Events,0
2025-01-27,630754316413,AWS CloudTrail,0
2025-01-27,630754316413,EC2 - Other,3.6902336701
2025-01-27,630754316413,Amazon Elastic Compute Cloud - Compute,0.0000001836
2025-01-27,630754316413,Amazon Elastic Load Balancing,0.8737447414
2025-01-27,630754316413,Amazon Relational Database Service,1.0116961976
2025-01-27,630754316413,Amazon Simple Storage Service,0.0918937395
2025-01-27,630754316413,Amazon Virtual Private Cloud,0.3652
2025-01-27,630754316413,AmazonCloudWatch,0.0119031698
2025-01-27,635213132527,AWS CloudTrail,0
2025-01-27,635213132527,Amazon EC2 Container Registry (ECR),0.0009046598
2025-01-27,635213132527,EC2 - Other,9.7103025839
2025-01-27,635213132527,Amazon Elastic Compute Cloud - Compute,7.5688088895
2025-01-27,635213132527,Amazon Elastic File System,0.5245654898
2025-01-27,635213132527,Amazon Elastic Load Balancing,3.8858399892
2025-01-27,635213132527,Amazon Simple Storage Service,1.1657003181
2025-01-27,635213132527,Amazon Virtual Private Cloud,1.81355
2025-01-27,635213132527,AmazonCloudWatch,0.0040201782
2025-01-27,668042396284,AWS Cost Explorer,0.2407
2025-01-27,668042396284,AWS Glue,1.0651470676
2025-01-27,668042396284,AWS Key Management Service,0.0504605016
2025-01-27,668042396284,AWS Secrets Manager,0.0196344082
2025-01-27,668042396284,Amazon Athena,2.53398585
2025-01-27,668042396284,Amazon DevOps Guru,0
2025-01-27,668042396284,Amazon DynamoDB,0
2025-01-27,668042396284,EC2 - Other,1754.3255627868
2025-01-27,668042396284,Amazon Elastic Compute Cloud - Compute,82.2322591951
2025-01-27,668042396284,Amazon Elastic Container Service for Kubernetes,1.826
2025-01-27,668042396284,Amazon Elastic File System,70.6070536725
2025-01-27,668042396284,Amazon Elastic Load Balancing,93.27541756
2025-01-27,668042396284,Amazon Polly,0.06558992
2025-01-27,668042396284,Amazon Relational Database Service,13.0201176175
2025-01-27,668042396284,Amazon Simple Storage Service,36.7880227188
2025-01-27,668042396284,Amazon Virtual Private Cloud,10.4912206565
2025-01-27,668042396284,AmazonCloudWatch,276.9134805608
2025-01-27,678990834671,EC2 - Other,0.0155731504
2025-01-27,678990834671,Amazon Elastic Compute Cloud - Compute,0.0001886497
2025-01-27,678990834671,Amazon Simple Storage Service,0.0000776498
2025-01-27,678990834671,Amazon Virtual Private Cloud,1.3695
2025-01-27,678990834671,AmazonCloudWatch,0.0000000011
2025-01-27,692457086123,Amazon Simple Storage Service,0.0000901159
2025-01-27,840214516040,Amazon Simple Storage Service,0.0001776395
2025-01-27,888346146368,Amazon Chime Voice Connector a service sold by AMCS LLC,0.0363144028
2025-01-27,888346146368,Amazon Simple Storage Service,0.0008029375
2025-01-27,888346146368,AmazonCloudWatch,0.0000233867
2025-01-27,888346146368,"Contact Center Telecommunications (service sold by AMCS, LLC)",0
2025-01-27,915403479018,AWS CloudTrail,0
2025-01-27,915403479018,AWS Cost Explorer,1.2118
2025-01-27,915403479018,AWS Glue,0.0226829372
2025-01-27,915403479018,AWS Key Management Service,0.0245430108
2025-01-27,915403479018,Amazon QuickSight,1.9707198324
2025-01-27,915403479018,Amazon Simple Notification Service,0.0000002045
2025-01-27,915403479018,Amazon Simple Storage Service,0.3381300354
2025-01-27,915403479018,AmazonCloudWatch,0.0000034183
2025-01-27,915403479018,Savings Plans for AWS Compute usage,996
2025-01-27,929999988963,AWS CloudTrail,0
2025-01-27,929999988963,AWS Cost Explorer,0.0415
2025-01-27,929999988963,AWS Key Management Service,0.0716268582
2025-01-27,929999988963,AWS Secrets Manager,0.0196344082
2025-01-27,929999988963,Amazon DynamoDB,0
2025-01-27,929999988963,EC2 - Other,577.3009248463
2025-01-27,929999988963,Amazon Elastic Compute Cloud - Compute,252.9832214959
2025-01-27,929999988963,Amazon Elastic Container Service for Kubernetes,1.826
2025-01-27,929999988963,Amazon Elastic File System,4.4936944525
2025-01-27,929999988963,Amazon Elastic Load Balancing,23.1602268084
2025-01-27,929999988963,Amazon Polly,0.77005408
2025-01-27,929999988963,Amazon Simple Storage Service,54.800954595
2025-01-27,929999988963,Amazon Virtual Private Cloud,6.3038509899
2025-01-27,929999988963,AmazonCloudWatch,0.0508709686
2025-01-27,942272457509,AWS Cost Explorer,0.0415
2025-01-27,942272457509,AWS Key Management Service,0.0481994388
2025-01-27,942272457509,AWS Secrets Manager,0.0196344082
2025-01-27,942272457509,Amazon DynamoDB,0
2025-01-27,942272457509,EC2 - Other,156.275952796
2025-01-27,942272457509,Amazon Elastic Compute Cloud - Compute,425.8478727218
2025-01-27,942272457509,Amazon Elastic Container Service for Kubernetes,1.826
2025-01-27,942272457509,Amazon Elastic File System,32.6895669739
2025-01-27,942272457509,Amazon Elastic Load Balancing,11.3804413075
2025-01-27,942272457509,Amazon Simple Storage Service,0.6455302944
2025-01-27,942272457509,Amazon Virtual Private Cloud,5.2956682719
2025-01-27,985455604191,Amazon Simple Queue Service,0.10920642
2025-01-27,985455604191,Amazon Simple Storage Service,0.0000933266
2025-01-27,989586476485,AWS CloudTrail,6.43293741
2025-01-27,989586476485,AWS Glue,0
2025-01-27,989586476485,AWS Key Management Service,0.0377101308
2025-01-27,989586476485,AWS Lambda,0.8375241662
2025-01-27,989586476485,AWS Secrets Manager,0.592406207
2025-01-27,989586476485,AWS Step Functions,6.8321185006
2025-01-27,989586476485,AWS Systems Manager,62.5709195
2025-01-27,989586476485,AWS WAF,0.1718010734
2025-01-27,989586476485,Amazon API Gateway,40.5450115152
2025-01-27,989586476485,Amazon CloudFront,0.0117825559
2025-01-27,989586476485,Amazon DynamoDB,0.2272526965
2025-01-27,989586476485,Amazon EC2 Container Registry (ECR),6.4671053922
2025-01-27,989586476485,EC2 - Other,90.8042566881
2025-01-27,989586476485,Amazon Elastic Compute Cloud - Compute,474.3056727773
2025-01-27,989586476485,Amazon Elastic Container Registry Public,0
2025-01-27,989586476485,Amazon Elastic Container Service,0.781773297
2025-01-27,989586476485,Amazon Elastic Container Service for Kubernetes,21.912
2025-01-27,989586476485,Amazon Elastic Load Balancing,31.738090828
2025-01-27,989586476485,Amazon Relational Database Service,4.0465964053
2025-01-27,989586476485,Amazon Route 53,0.018705876
2025-01-27,989586476485,Amazon Simple Email Service,0.0055701755
2025-01-27,989586476485,Amazon Simple Notification Service,0.0000017456
2025-01-27,989586476485,Amazon Simple Queue Service,0.065606354
2025-01-27,989586476485,Amazon Simple Storage Service,113.7500956926
2025-01-27,989586476485,Amazon Virtual Private Cloud,13.6219611477
2025-01-27,989586476485,AmazonCloudWatch,7.0809223432
2025-01-27,989586476485,CloudWatch Events,0.1976915249
